<?xml version="1.0" encoding="UTF-8"?>
<metadata xml:lang="en"><Esri><CreaDate>20150910</CreaDate><CreaTime>14564300</CreaTime><SyncOnce>FALSE</SyncOnce><SyncDate>20150406</SyncDate><SyncTime>09042000</SyncTime><ModDate>20150406</ModDate><ModTime>09042000</ModTime><DataProperties><lineage><Process ToolSource="C:\Program Files\ArcGIS\ArcToolbox\Toolboxes\Conversion Tools.tbx\FeatureClassToFeatureClass" Date="20101028" Time="081348">FeatureClassToFeatureClass C:\Trash\ClayParcels\Parcels.shp N:\GIS_Data_Repository\Current_GIS_Data.gdb Parcels_Clay_County_MN_10_6_2010 # "GIS_DBO_Pa 'GIS_DBO_Pa' true true false 19 Double 8 18 ,First,#,C:\Trash\ClayParcels\Parcels.shp,GIS_DBO_Pa,-1,-1;REMARKS 'REMARKS' true true false 16 Text 0 0 ,First,#,C:\Trash\ClayParcels\Parcels.shp,REMARKS,-1,-1;REGION 'REGION' true true false 10 Double 0 10 ,First,#,C:\Trash\ClayParcels\Parcels.shp,REGION,-1,-1;DOCUMENT 'DOCUMENT' true true false 10 Double 0 10 ,First,#,C:\Trash\ClayParcels\Parcels.shp,DOCUMENT,-1,-1;ACREAGE 'ACREAGE' true true false 11 Double 3 10 ,First,#,C:\Trash\ClayParcels\Parcels.shp,ACREAGE,-1,-1;EDIT_DATE 'EDIT_DATE' true true false 10 Double 0 10 ,First,#,C:\Trash\ClayParcels\Parcels.shp,EDIT_DATE,-1,-1;PARCEL_ID 'PARCEL_ID' true true false 32 Text 0 0 ,First,#,C:\Trash\ClayParcels\Parcels.shp,PARCEL_ID,-1,-1;PIN_1 'PIN_1' true true false 32 Text 0 0 ,First,#,C:\Trash\ClayParcels\Parcels.shp,PIN_1,-1,-1;TAX_YEAR 'TAX_YEAR' true true false 10 Double 0 10 ,First,#,C:\Trash\ClayParcels\Parcels.shp,TAX_YEAR,-1,-1;TAX_NAME 'TAX_NAME' true true false 254 Text 0 0 ,First,#,C:\Trash\ClayParcels\Parcels.shp,TAX_NAME,-1,-1;TAX_ADD_L1 'TAX_ADD_L1' true true false 64 Text 0 0 ,First,#,C:\Trash\ClayParcels\Parcels.shp,TAX_ADD_L1,-1,-1;TAX_ADD_L2 'TAX_ADD_L2' true true false 32 Text 0 0 ,First,#,C:\Trash\ClayParcels\Parcels.shp,TAX_ADD_L2,-1,-1;TAX_ADD_L3 'TAX_ADD_L3' true true false 4 Text 0 0 ,First,#,C:\Trash\ClayParcels\Parcels.shp,TAX_ADD_L3,-1,-1;TAX_ADD_L4 'TAX_ADD_L4' true true false 16 Text 0 0 ,First,#,C:\Trash\ClayParcels\Parcels.shp,TAX_ADD_L4,-1,-1;SCHOOL_DST 'SCHOOL_DST' true true false 20 Text 0 0 ,First,#,C:\Trash\ClayParcels\Parcels.shp,SCHOOL_DST,-1,-1;TAX_AUTHOR 'TAX_AUTHOR' true true false 75 Text 0 0 ,First,#,C:\Trash\ClayParcels\Parcels.shp,TAX_AUTHOR,-1,-1;WSHD_DIST 'WSHD_DIST' true true false 75 Text 0 0 ,First,#,C:\Trash\ClayParcels\Parcels.shp,WSHD_DIST,-1,-1;NTC 'NTC' true true false 50 Text 0 0 ,First,#,C:\Trash\ClayParcels\Parcels.shp,NTC,-1,-1;GREEN_ACRE 'GREEN_ACRE' true true false 3 Text 0 0 ,First,#,C:\Trash\ClayParcels\Parcels.shp,GREEN_ACRE,-1,-1;AG_PRESERV 'AG_PRESERV' true true false 3 Text 0 0 ,First,#,C:\Trash\ClayParcels\Parcels.shp,AG_PRESERV,-1,-1;EMV_LAND 'EMV_LAND' true true false 19 Double 2 18 ,First,#,C:\Trash\ClayParcels\Parcels.shp,EMV_LAND,-1,-1;EMV_BLDG 'EMV_BLDG' true true false 19 Double 2 18 ,First,#,C:\Trash\ClayParcels\Parcels.shp,EMV_BLDG,-1,-1;EMV_TOTAL 'EMV_TOTAL' true true false 19 Double 2 18 ,First,#,C:\Trash\ClayParcels\Parcels.shp,EMV_TOTAL,-1,-1;HOMESTEAD 'HOMESTEAD' true true false 1 Text 0 0 ,First,#,C:\Trash\ClayParcels\Parcels.shp,HOMESTEAD,-1,-1;CLASS 'CLASS' true true false 75 Text 0 0 ,First,#,C:\Trash\ClayParcels\Parcels.shp,CLASS,-1,-1;SPEC_ASSES 'SPEC_ASSES' true true false 19 Double 2 18 ,First,#,C:\Trash\ClayParcels\Parcels.shp,SPEC_ASSES,-1,-1;TOTAL_TAX 'TOTAL_TAX' true true false 19 Double 2 18 ,First,#,C:\Trash\ClayParcels\Parcels.shp,TOTAL_TAX,-1,-1;NET_TAX 'NET_TAX' true true false 19 Double 2 18 ,First,#,C:\Trash\ClayParcels\Parcels.shp,NET_TAX,-1,-1;TAX_PAYMEN 'TAX_PAYMEN' true true false 17 Double 2 16 ,First,#,C:\Trash\ClayParcels\Parcels.shp,TAX_PAYMEN,-1,-1;TAX_BALANC 'TAX_BALANC' true true false 17 Double 2 16 ,First,#,C:\Trash\ClayParcels\Parcels.shp,TAX_BALANC,-1,-1;TAX_DELQ_D 'TAX_DELQ_D' true true false 8 Date 0 0 ,First,#,C:\Trash\ClayParcels\Parcels.shp,TAX_DELQ_D,-1,-1;PRIOR_YEAR 'PRIOR_YEAR' true true false 17 Double 2 16 ,First,#,C:\Trash\ClayParcels\Parcels.shp,PRIOR_YEAR,-1,-1;ACRES_DEED 'ACRES_DEED' true true false 19 Double 4 18 ,First,#,C:\Trash\ClayParcels\Parcels.shp,ACRES_DEED,-1,-1;LEGAL_DESC 'LEGAL_DESC' true true false 254 Text 0 0 ,First,#,C:\Trash\ClayParcels\Parcels.shp,LEGAL_DESC,-1,-1;LEGAL_DE_1 'LEGAL_DE_1' true true false 254 Text 0 0 ,First,#,C:\Trash\ClayParcels\Parcels.shp,LEGAL_DE_1,-1,-1;SECTION 'SECTION' true true false 10 Text 0 0 ,First,#,C:\Trash\ClayParcels\Parcels.shp,SECTION,-1,-1;TOWNSHIP 'TOWNSHIP' true true false 10 Text 0 0 ,First,#,C:\Trash\ClayParcels\Parcels.shp,TOWNSHIP,-1,-1;RANGE 'RANGE' true true false 10 Text 0 0 ,First,#,C:\Trash\ClayParcels\Parcels.shp,RANGE,-1,-1;PLAT_NAME 'PLAT_NAME' true true false 254 Text 0 0 ,First,#,C:\Trash\ClayParcels\Parcels.shp,PLAT_NAME,-1,-1;LOT 'LOT' true true false 20 Text 0 0 ,First,#,C:\Trash\ClayParcels\Parcels.shp,LOT,-1,-1;BLOCK 'BLOCK' true true false 20 Text 0 0 ,First,#,C:\Trash\ClayParcels\Parcels.shp,BLOCK,-1,-1;YEAR_BUILT 'YEAR_BUILT' true true false 4 Short 0 4 ,First,#,C:\Trash\ClayParcels\Parcels.shp,YEAR_BUILT,-1,-1;BLDG_NUM 'BLDG_NUM' true true false 20 Text 0 0 ,First,#,C:\Trash\ClayParcels\Parcels.shp,BLDG_NUM,-1,-1;STREETNAME 'STREETNAME' true true false 75 Text 0 0 ,First,#,C:\Trash\ClayParcels\Parcels.shp,STREETNAME,-1,-1;STREETTYPE 'STREETTYPE' true true false 20 Text 0 0 ,First,#,C:\Trash\ClayParcels\Parcels.shp,STREETTYPE,-1,-1;SUFFIX_DIR 'SUFFIX_DIR' true true false 2 Text 0 0 ,First,#,C:\Trash\ClayParcels\Parcels.shp,SUFFIX_DIR,-1,-1;UNIT_INFO 'UNIT_INFO' true true false 20 Text 0 0 ,First,#,C:\Trash\ClayParcels\Parcels.shp,UNIT_INFO,-1,-1;CITY 'CITY' true true false 32 Text 0 0 ,First,#,C:\Trash\ClayParcels\Parcels.shp,CITY,-1,-1;STATE 'STATE' true true false 6 Text 0 0 ,First,#,C:\Trash\ClayParcels\Parcels.shp,STATE,-1,-1;ZIP 'ZIP' true true false 16 Text 0 0 ,First,#,C:\Trash\ClayParcels\Parcels.shp,ZIP,-1,-1" # N:\GIS_Data_Repository\Current_GIS_Data.gdb\Parcels_Clay_County_MN_10_6_2010</Process><Process ToolSource="C:\Program Files\ArcGIS\ArcToolbox\Toolboxes\Data Management Tools.tbx\Merge" Date="20110321" Time="142917">Merge ClaySchools;CassSchools N:\GIS_Data_Repository\Schools.shp "OBJECTID 'OBJECTID' true true false 9 Long 0 9 ,First,#,ClaySchools,OBJECTID,-1,-1,CassSchools,OBJECTID,-1,-1;ACREAGE 'ACREAGE' true true false 19 Double 0 0 ,First,#,ClaySchools,ACREAGE,-1,-1,CassSchools,ACREAGE,-1,-1;CITY 'CITY' true true false 32 Text 0 0 ,First,#,ClaySchools,CITY,-1,-1,CassSchools,CITY,-1,-1;Shape_Leng 'Shape_Leng' true true false 19 Double 0 0 ,First,#,ClaySchools,Shape_Leng,-1,-1,CassSchools,Shape_Leng,-1,-1;Shape_Area 'Shape_Area' true true false 19 Double 0 0 ,First,#,ClaySchools,Shape_Area,-1,-1,CassSchools,Shape_Area,-1,-1;Name 'Name' true true false 50 Text 0 0 ,First,#,ClaySchools,Name,-1,-1,CassSchools,Name,-1,-1;Status 'Status' true true false 50 Text 0 0 ,First,#,ClaySchools,Status,-1,-1,CassSchools,Status,-1,-1;Address 'Address' true true false 50 Text 0 0 ,First,#,ClaySchools,Address,-1,-1,CassSchools,Address,-1,-1;Enrollment 'Enrollment' true true false 50 Text 0 0 ,First,#,ClaySchools,Enrollment,-1,-1,CassSchools,Enrollment,-1,-1;GradeRange 'GradeRange' true true false 50 Text 0 0 ,First,#,ClaySchools,GradeRange,-1,-1,CassSchools,GradeRange,-1,-1;Employment 'Employment' true true false 50 Text 0 0 ,First,#,ClaySchools,Employment,-1,-1,CassSchools,Employment,-1,-1;Type 'Type' true true false 50 Text 0 0 ,First,#,ClaySchools,Type,-1,-1,CassSchools,Type,-1,-1;Ratio 'Ratio' true true false 50 Text 0 0 ,First,#,ClaySchools,Ratio,-1,-1,CassSchools,Ratio,-1,-1"</Process><Process ToolSource="C:\Program Files\ArcGIS\ArcToolbox\Toolboxes\Conversion Tools.tbx\FeatureClassToFeatureClass" Date="20110321" Time="162012">FeatureClassToFeatureClass N:\GIS_Data_Repository\Schools.shp N:\GIS_Data_Repository\2011_Current_GIS_Data.gdb Metro_Schools # "OBJECTID 'OBJECTID' true true false 9 Long 0 9 ,First,#,N:\GIS_Data_Repository\Schools.shp,OBJECTID,-1,-1;ACREAGE 'ACREAGE' true true false 19 Double 0 0 ,First,#,N:\GIS_Data_Repository\Schools.shp,ACREAGE,-1,-1;CITY 'CITY' true true false 32 Text 0 0 ,First,#,N:\GIS_Data_Repository\Schools.shp,CITY,-1,-1;Shape_Leng 'Shape_Leng' true true false 19 Double 0 0 ,First,#,N:\GIS_Data_Repository\Schools.shp,Shape_Leng,-1,-1;Shape_Area 'Shape_Area' true true false 19 Double 0 0 ,First,#,N:\GIS_Data_Repository\Schools.shp,Shape_Area,-1,-1;Name 'Name' true true false 50 Text 0 0 ,First,#,N:\GIS_Data_Repository\Schools.shp,Name,-1,-1;Status 'Status' true true false 50 Text 0 0 ,First,#,N:\GIS_Data_Repository\Schools.shp,Status,-1,-1;Address 'Address' true true false 50 Text 0 0 ,First,#,N:\GIS_Data_Repository\Schools.shp,Address,-1,-1;Enrollment 'Enrollment' true true false 50 Text 0 0 ,First,#,N:\GIS_Data_Repository\Schools.shp,Enrollment,-1,-1;GradeRange 'GradeRange' true true false 50 Text 0 0 ,First,#,N:\GIS_Data_Repository\Schools.shp,GradeRange,-1,-1;Employment 'Employment' true true false 50 Text 0 0 ,First,#,N:\GIS_Data_Repository\Schools.shp,Employment,-1,-1;Type 'Type' true true false 50 Text 0 0 ,First,#,N:\GIS_Data_Repository\Schools.shp,Type,-1,-1;Ratio 'Ratio' true true false 50 Text 0 0 ,First,#,N:\GIS_Data_Repository\Schools.shp,Ratio,-1,-1" # N:\GIS_Data_Repository\2011_Current_GIS_Data.gdb\Metro_Schools</Process><Process ToolSource="C:\Program Files (x86)\ArcGIS\ArcToolbox\Toolboxes\Conversion Tools.tbx\FeatureClassToFeatureClass" Date="20120320" Time="091132">FeatureClassToFeatureClass N:\GIS_Data_Repository\Archives\2011_Archived_GIS_Data.gdb\Metro_Schools "N:\to be arranged" Metro_Schools_2012.shp # "OBJECTID 'OBJECTID' true true false 4 Long 0 0 ,First,#,N:\GIS_Data_Repository\Archives\2011_Archived_GIS_Data.gdb\Metro_Schools,OBJECTID,-1,-1;ACREAGE 'ACREAGE' true true false 8 Double 0 0 ,First,#,N:\GIS_Data_Repository\Archives\2011_Archived_GIS_Data.gdb\Metro_Schools,ACREAGE,-1,-1;CITY 'CITY' true true false 32 Text 0 0 ,First,#,N:\GIS_Data_Repository\Archives\2011_Archived_GIS_Data.gdb\Metro_Schools,CITY,-1,-1;Shape_Leng 'Shape_Leng' true true false 8 Double 0 0 ,First,#,N:\GIS_Data_Repository\Archives\2011_Archived_GIS_Data.gdb\Metro_Schools,Shape_Leng,-1,-1;Name 'Name' true true false 50 Text 0 0 ,First,#,N:\GIS_Data_Repository\Archives\2011_Archived_GIS_Data.gdb\Metro_Schools,Name,-1,-1;Status 'Status' true true false 50 Text 0 0 ,First,#,N:\GIS_Data_Repository\Archives\2011_Archived_GIS_Data.gdb\Metro_Schools,Status,-1,-1;Address 'Address' true true false 50 Text 0 0 ,First,#,N:\GIS_Data_Repository\Archives\2011_Archived_GIS_Data.gdb\Metro_Schools,Address,-1,-1;Enrollment 'Enrollment' true true false 50 Text 0 0 ,First,#,N:\GIS_Data_Repository\Archives\2011_Archived_GIS_Data.gdb\Metro_Schools,Enrollment,-1,-1;GradeRange 'GradeRange' true true false 50 Text 0 0 ,First,#,N:\GIS_Data_Repository\Archives\2011_Archived_GIS_Data.gdb\Metro_Schools,GradeRange,-1,-1;Employment 'Employment' true true false 50 Text 0 0 ,First,#,N:\GIS_Data_Repository\Archives\2011_Archived_GIS_Data.gdb\Metro_Schools,Employment,-1,-1;Type 'Type' true true false 50 Text 0 0 ,First,#,N:\GIS_Data_Repository\Archives\2011_Archived_GIS_Data.gdb\Metro_Schools,Type,-1,-1;Ratio 'Ratio' true true false 50 Text 0 0 ,First,#,N:\GIS_Data_Repository\Archives\2011_Archived_GIS_Data.gdb\Metro_Schools,Ratio,-1,-1;Shape_Le_1 'Shape_Length' false true true 8 Double 0 0 ,First,#,N:\GIS_Data_Repository\Archives\2011_Archived_GIS_Data.gdb\Metro_Schools,Shape_Length,-1,-1;Shape_Area 'Shape_Area' false true true 8 Double 0 0 ,First,#,N:\GIS_Data_Repository\Archives\2011_Archived_GIS_Data.gdb\Metro_Schools,Shape_Area,-1,-1;X_Coord 'X_Coord' true true false 4 Float 0 0 ,First,#,N:\GIS_Data_Repository\Archives\2011_Archived_GIS_Data.gdb\Metro_Schools,X_Coord,-1,-1;Y_Coord 'Y_Coord' true true false 4 Float 0 0 ,First,#,N:\GIS_Data_Repository\Archives\2011_Archived_GIS_Data.gdb\Metro_Schools,Y_Coord,-1,-1" # "N:\to be arranged\Metro_Schools_2012.shp"</Process><Process ToolSource="C:\Program Files (x86)\ArcGIS\ArcToolbox\Toolboxes\Conversion Tools.tbx\FeatureClassToFeatureClass" Date="20120320" Time="094120">FeatureClassToFeatureClass "N:\to be arranged\Metro_Schools_2012.shp" N:\GIS_Data_Repository\2012_Current_GIS_Data\2012_Current_GIS_Data.gdb Metro_Schools_2012 # "OBJECTID 'OBJECTID' true true false 9 Long 0 9 ,First,#,N:\to be arranged\Metro_Schools_2012.shp,OBJECTID,-1,-1;ACREAGE 'ACREAGE' true true false 19 Double 0 0 ,First,#,N:\to be arranged\Metro_Schools_2012.shp,ACREAGE,-1,-1;CITY 'CITY' true true false 32 Text 0 0 ,First,#,N:\to be arranged\Metro_Schools_2012.shp,CITY,-1,-1;Shape_Leng 'Shape_Leng' true true false 19 Double 0 0 ,First,#,N:\to be arranged\Metro_Schools_2012.shp,Shape_Leng,-1,-1;Name 'Name' true true false 50 Text 0 0 ,First,#,N:\to be arranged\Metro_Schools_2012.shp,Name,-1,-1;Status 'Status' true true false 50 Text 0 0 ,First,#,N:\to be arranged\Metro_Schools_2012.shp,Status,-1,-1;Address 'Address' true true false 50 Text 0 0 ,First,#,N:\to be arranged\Metro_Schools_2012.shp,Address,-1,-1;Enrollment 'Enrollment' true true false 50 Text 0 0 ,First,#,N:\to be arranged\Metro_Schools_2012.shp,Enrollment,-1,-1;GradeRange 'GradeRange' true true false 50 Text 0 0 ,First,#,N:\to be arranged\Metro_Schools_2012.shp,GradeRange,-1,-1;Employment 'Employment' true true false 50 Text 0 0 ,First,#,N:\to be arranged\Metro_Schools_2012.shp,Employment,-1,-1;Type 'Type' true true false 50 Text 0 0 ,First,#,N:\to be arranged\Metro_Schools_2012.shp,Type,-1,-1;Ratio 'Ratio' true true false 50 Text 0 0 ,First,#,N:\to be arranged\Metro_Schools_2012.shp,Ratio,-1,-1;Shape_Le_1 'Shape_Le_1' true true false 19 Double 0 0 ,First,#,N:\to be arranged\Metro_Schools_2012.shp,Shape_Le_1,-1,-1;Shape_Area 'Shape_Area' true true false 19 Double 0 0 ,First,#,N:\to be arranged\Metro_Schools_2012.shp,Shape_Area,-1,-1;X_Coord 'X_Coord' true true false 13 Float 0 0 ,First,#,N:\to be arranged\Metro_Schools_2012.shp,X_Coord,-1,-1;Y_Coord 'Y_Coord' true true false 13 Float 0 0 ,First,#,N:\to be arranged\Metro_Schools_2012.shp,Y_Coord,-1,-1" # N:\GIS_Data_Repository\2012_Current_GIS_Data\2012_Current_GIS_Data.gdb\Metro_Schools_2012</Process><Process ToolSource="c:\program files (x86)\arcgis\desktop10.2\ArcToolbox\Toolboxes\Data Management Tools.tbx\CopyFeatures" Date="20140410" Time="124903">CopyFeatures "N:\Data\Metro COG GIS 2014.gdb\Metro_COG\Metro_Schools" N:\Data\GIS_Data.gdb\Metro_COG\Metro_Schools # 0 0 0</Process></lineage><itemProps><itemLocation><linkage Sync="TRUE">file://\\Machine1\gisdata\Directories\Base Directory\Base_Directory.gdb</linkage><protocol Sync="TRUE">Local Area Network</protocol></itemLocation><itemName Sync="TRUE">Schools_Metro</itemName><imsContentType Sync="TRUE">002</imsContentType><nativeExtBox><westBL Sync="TRUE">2127430.436114</westBL><eastBL Sync="TRUE">2245354.660567</eastBL><southBL Sync="TRUE">16997863.492922</southBL><northBL Sync="TRUE">17076057.267964</northBL><exTypeCode Sync="TRUE">1</exTypeCode></nativeExtBox></itemProps><coordRef><type Sync="TRUE">Projected</type><geogcsn Sync="TRUE">GCS_North_American_1983</geogcsn><csUnits Sync="TRUE">Linear Unit: Foot_US (0.304801)</csUnits><projcsn Sync="TRUE">NAD_1983_UTM_Zone_14N_ft</projcsn><peXml Sync="TRUE">&lt;ProjectedCoordinateSystem xsi:type='typens:ProjectedCoordinateSystem' xmlns:xsi='http://www.w3.org/2001/XMLSchema-instance' xmlns:xs='http://www.w3.org/2001/XMLSchema' xmlns:typens='http://www.esri.com/schemas/ArcGIS/10.1'&gt;&lt;WKT&gt;PROJCS[&amp;quot;NAD_1983_UTM_Zone_14N_ft&amp;quot;,GEOGCS[&amp;quot;GCS_North_American_1983&amp;quot;,DATUM[&amp;quot;D_North_American_1983&amp;quot;,SPHEROID[&amp;quot;GRS_1980&amp;quot;,6378137.0,298.257222101]],PRIMEM[&amp;quot;Greenwich&amp;quot;,0.0],UNIT[&amp;quot;Degree&amp;quot;,0.0174532925199433]],PROJECTION[&amp;quot;Transverse_Mercator&amp;quot;],PARAMETER[&amp;quot;False_Easting&amp;quot;,1640416.666666667],PARAMETER[&amp;quot;False_Northing&amp;quot;,0.0],PARAMETER[&amp;quot;Central_Meridian&amp;quot;,-99.0],PARAMETER[&amp;quot;Scale_Factor&amp;quot;,0.9996],PARAMETER[&amp;quot;Latitude_Of_Origin&amp;quot;,0.0],UNIT[&amp;quot;Foot_US&amp;quot;,0.3048006096012192]]&lt;/WKT&gt;&lt;XOrigin&gt;-16800800&lt;/XOrigin&gt;&lt;YOrigin&gt;-32802000&lt;/YOrigin&gt;&lt;XYScale&gt;3048.0060960121928&lt;/XYScale&gt;&lt;ZOrigin&gt;-100000&lt;/ZOrigin&gt;&lt;ZScale&gt;10000&lt;/ZScale&gt;&lt;MOrigin&gt;-100000&lt;/MOrigin&gt;&lt;MScale&gt;10000&lt;/MScale&gt;&lt;XYTolerance&gt;0.0032808333333333331&lt;/XYTolerance&gt;&lt;ZTolerance&gt;0.001&lt;/ZTolerance&gt;&lt;MTolerance&gt;0.001&lt;/MTolerance&gt;&lt;HighPrecision&gt;true&lt;/HighPrecision&gt;&lt;/ProjectedCoordinateSystem&gt;</peXml></coordRef></DataProperties><ArcGISFormat>1.0</ArcGISFormat></Esri><idinfo><native Sync="TRUE">Microsoft Windows Vista Version 6.1 (Build 7601) Service Pack 1; ESRI ArcCatalog 9.3.1.1850</native><descript><langdata Sync="TRUE">en</langdata><abstract>This is a dataset containing the schools within the Metropolitan Planning Area.</abstract><purpose>Documentation of existing Schools, public and private, within the Metro area.</purpose></descript><citation><citeinfo><origin>Fargo-Moorhead Metropolitan Council of Governments</origin><title Sync="TRUE">Metro_Schools_2012</title><ftname Sync="TRUE">Metro_Schools_2012</ftname><geoform Sync="TRUE">vector digital data</geoform><onlink Sync="TRUE">\\Fm-metro-server\GIS\GIS_Data_Repository\Archives\2012_Archived_GIS_Data.gdb</onlink><pubinfo><pubplace>Fargo-Moorhead Metropolitan Council of Governments</pubplace></pubinfo></citeinfo></citation><timeperd><timeinfo><mdattim><sngdate><caldate>2/14/2011</caldate><time>unknown</time></sngdate><sngdate><caldate>8/26/2010</caldate></sngdate></mdattim></timeinfo></timeperd><status><progress>Complete</progress><update>Once per year/ As of first day of Fall semester</update></status><spdom><bounding><westbc Sync="TRUE">-97.052121</westbc><eastbc Sync="TRUE">-96.580266</eastbc><northbc Sync="TRUE">46.977154</northbc><southbc Sync="TRUE">46.762645</southbc></bounding><lboundng><leftbc Sync="TRUE">412116.717182</leftbc><rightbc Sync="TRUE">529913.624960</rightbc><bottombc Sync="TRUE">148580.167669</bottombc><topbc Sync="TRUE">226624.579821</topbc></lboundng></spdom><keywords><theme><themekey>Schools</themekey></theme></keywords><natvform Sync="TRUE">File Geodatabase Feature Class</natvform><datacred>Fargo Moorhead Metropolitan Council of Governments
</datacred><ptcontac><cntinfo><cntorgp><cntorg>Fargo-Moorhead Metropolitan Council of Governments</cntorg></cntorgp></cntinfo></ptcontac><crossref><citeinfo><origin>Fargo-Moorhead Metropolitan Council of Governments</origin><title>Fargo-Moorhead Metropolitan Council of Governments</title></citeinfo></crossref></idinfo><dataIdInfo><envirDesc Sync="TRUE"> Version 6.2 (Build 9200) ; Esri ArcGIS 10.2.2.3552</envirDesc><dataLang><languageCode Sync="TRUE" value="eng"></languageCode><countryCode value="USA" Sync="TRUE"></countryCode></dataLang><idCitation><resTitle Sync="TRUE">Schools_Metro</resTitle><presForm><PresFormCd Sync="TRUE" value="005"></PresFormCd></presForm></idCitation><dataExt><geoEle><GeoBndBox esriExtentType="native"><westBL Sync="TRUE">412116.717182</westBL><eastBL Sync="TRUE">529913.62496</eastBL><northBL Sync="TRUE">226624.579821</northBL><southBL Sync="TRUE">148580.167669</southBL><exTypeCode Sync="TRUE">1</exTypeCode></GeoBndBox></geoEle></dataExt><geoBox esriExtentType="decdegrees"><westBL Sync="TRUE">-97.052121</westBL><eastBL Sync="TRUE">-96.580266</eastBL><northBL Sync="TRUE">46.977154</northBL><southBL Sync="TRUE">46.762645</southBL><exTypeCode Sync="TRUE">1</exTypeCode></geoBox><spatRpType><SpatRepTypCd Sync="TRUE" value="001"></SpatRepTypCd></spatRpType><dataExt><geoEle><GeoBndBox esriExtentType="search"><exTypeCode Sync="TRUE">1</exTypeCode><westBL Sync="TRUE">-97.055932</westBL><eastBL Sync="TRUE">-96.575954</eastBL><northBL Sync="TRUE">46.980020</northBL><southBL Sync="TRUE">46.756706</southBL></GeoBndBox></geoEle></dataExt></dataIdInfo><metainfo><langmeta Sync="TRUE">en</langmeta><metstdn Sync="TRUE">FGDC Content Standards for Digital Geospatial Metadata</metstdn><metstdv Sync="TRUE">FGDC-STD-001-1998</metstdv><mettc Sync="TRUE">local time</mettc><metc><cntinfo><cntorgp><cntper>Fargo-Moorhead Metropolitan Council of Governments</cntper><cntorg>Fargo-Moorhead Metropolitan Council of Governments</cntorg></cntorgp><cntaddr><addrtype>REQUIRED: The mailing and/or physical address for the organization or individual.</addrtype><city>REQUIRED: The city of the address.</city><state>REQUIRED: The state or province of the address.</state><postal>REQUIRED: The ZIP or other postal code of the address.</postal></cntaddr><cntvoice>REQUIRED: The telephone number by which individuals can speak to the organization or individual.</cntvoice></cntinfo></metc><metd Sync="TRUE">20130327</metd></metainfo><mdLang><languageCode Sync="TRUE" value="eng"></languageCode><countryCode value="USA" Sync="TRUE"></countryCode></mdLang><mdStanName Sync="TRUE">ISO 19115 Geographic Information - Metadata</mdStanName><mdStanVer Sync="TRUE">DIS_ESRI1.0</mdStanVer><mdChar><CharSetCd Sync="TRUE" value="004"></CharSetCd></mdChar><mdHrLv><ScopeCd Sync="TRUE" value="005"></ScopeCd></mdHrLv><mdHrLvName Sync="TRUE">dataset</mdHrLvName><distinfo><resdesc Sync="TRUE">Downloadable Data</resdesc><stdorder><digform><digtinfo><transize Sync="TRUE">0.000</transize><dssize Sync="TRUE">0.000</dssize></digtinfo></digform></stdorder><distrib><cntinfo><cntperp><cntorg>Fargo-Moorhead Metropolitan Council of Governments</cntorg></cntperp></cntinfo></distrib></distinfo><distInfo><distributor><distorTran><onLineSrc><orDesc Sync="TRUE">002</orDesc><linkage Sync="TRUE">file://\\Fm-metro-server\GIS\GIS_Data_Repository\Archives\2012_Archived_GIS_Data.gdb</linkage><protocol Sync="TRUE">Local Area Network</protocol></onLineSrc><transSize Sync="TRUE">0.000</transSize></distorTran><distorFormat><formatName Sync="TRUE">File Geodatabase Feature Class</formatName></distorFormat></distributor><distFormat><formatName Sync="TRUE">File Geodatabase Feature Class</formatName></distFormat></distInfo><spdoinfo><direct Sync="TRUE">Vector</direct><ptvctinf><esriterm Name="Schools_Metro"><efeatyp Sync="TRUE">Simple</efeatyp><efeageom code="4" Sync="TRUE"></efeageom><esritopo Sync="TRUE">FALSE</esritopo><efeacnt Sync="TRUE">52</efeacnt><spindex Sync="TRUE">TRUE</spindex><linrefer Sync="TRUE">FALSE</linrefer></esriterm></ptvctinf></spdoinfo><spref><horizsys><cordsysn><geogcsn Sync="TRUE">GCS_North_American_1983_HARN</geogcsn><projcsn Sync="TRUE">NAD_1983_HARN_Adj_MN_Clay_Feet</projcsn></cordsysn><planar><planci><plance Sync="TRUE">coordinate pair</plance><plandu Sync="TRUE">survey feet</plandu><coordrep><absres Sync="TRUE">0.000328</absres><ordres Sync="TRUE">0.000328</ordres></coordrep></planci></planar><geodetic><horizdn Sync="TRUE">D_North_American_1983_HARN</horizdn><ellips Sync="TRUE">Geodetic Reference System 80</ellips><semiaxis Sync="TRUE">6378137.000000</semiaxis><denflat Sync="TRUE">298.257222</denflat></geodetic></horizsys></spref><refSysInfo><RefSystem><refSysID><identCode Sync="TRUE" code="0">NAD_1983_HARN_Adj_MN_Clay_Feet</identCode></refSysID></RefSystem></refSysInfo><spatRepInfo><VectSpatRep><geometObjs Name="Schools_Metro"><geoObjTyp><GeoObjTypCd value="002" Sync="TRUE"></GeoObjTypCd></geoObjTyp><geoObjCnt Sync="TRUE">52</geoObjCnt></geometObjs><topLvl><TopoLevCd value="001" Sync="TRUE"></TopoLevCd></topLvl></VectSpatRep></spatRepInfo><eainfo><detailed Name="Schools_Metro"><enttyp><enttypl Sync="TRUE">Schools_Metro</enttypl><enttypt Sync="TRUE">Feature Class</enttypt><enttypc Sync="TRUE">52</enttypc></enttyp><attr><attrlabl Sync="TRUE">OBJECTID_1</attrlabl><attalias Sync="TRUE">OBJECTID_1</attalias><attrtype Sync="TRUE">OID</attrtype><attwidth Sync="TRUE">4</attwidth><atprecis Sync="TRUE">0</atprecis><attscale Sync="TRUE">0</attscale><attrdef Sync="TRUE">Internal feature number.</attrdef><attrdefs Sync="TRUE">ESRI</attrdefs><attrdomv><udom Sync="TRUE">Sequential unique whole numbers that are automatically generated.</udom></attrdomv></attr><attr><attrlabl Sync="TRUE">OBJECTID</attrlabl><attalias Sync="TRUE">OBJECTID</attalias><attrtype Sync="TRUE">Integer</attrtype><attwidth Sync="TRUE">4</attwidth><attrdef Sync="TRUE">Internal feature number.</attrdef><attrdefs Sync="TRUE">ESRI</attrdefs><attrdomv><udom Sync="TRUE">Sequential unique whole numbers that are automatically generated.</udom></attrdomv><atprecis Sync="TRUE">0</atprecis><attscale Sync="TRUE">0</attscale></attr><attr><attrlabl Sync="TRUE">Shape</attrlabl><attalias Sync="TRUE">Shape</attalias><attrtype Sync="TRUE">Geometry</attrtype><attwidth Sync="TRUE">0</attwidth><atprecis Sync="TRUE">0</atprecis><attscale Sync="TRUE">0</attscale><attrdef Sync="TRUE">Feature geometry.</attrdef><attrdefs Sync="TRUE">ESRI</attrdefs><attrdomv><udom Sync="TRUE">Coordinates defining the features.</udom></attrdomv></attr><attr><attrlabl Sync="TRUE">ACREAGE</attrlabl><attalias Sync="TRUE">ACREAGE</attalias><attrtype Sync="TRUE">Double</attrtype><attwidth Sync="TRUE">8</attwidth><atprecis Sync="TRUE">0</atprecis><attscale Sync="TRUE">0</attscale></attr><attr><attrlabl Sync="TRUE">CITY</attrlabl><attalias Sync="TRUE">CITY</attalias><attrtype Sync="TRUE">String</attrtype><attwidth Sync="TRUE">32</attwidth><atprecis Sync="TRUE">0</atprecis><attscale Sync="TRUE">0</attscale></attr><attr><attrlabl Sync="TRUE">Shape_Leng</attrlabl><attalias Sync="TRUE">Shape_Leng</attalias><attrtype Sync="TRUE">Double</attrtype><attwidth Sync="TRUE">8</attwidth><atprecis Sync="TRUE">0</atprecis><attscale Sync="TRUE">0</attscale></attr><attr><attrlabl Sync="TRUE">Shape_Area</attrlabl><attalias Sync="TRUE">Shape_Area</attalias><attrtype Sync="TRUE">Double</attrtype><attwidth Sync="TRUE">8</attwidth><attrdef Sync="TRUE">Area of feature in internal units squared.</attrdef><attrdefs Sync="TRUE">ESRI</attrdefs><attrdomv><udom Sync="TRUE">Positive real numbers that are automatically generated.</udom></attrdomv><atprecis Sync="TRUE">0</atprecis><attscale Sync="TRUE">0</attscale></attr><attr><attrlabl Sync="TRUE">Name</attrlabl><attalias Sync="TRUE">Name</attalias><attrtype Sync="TRUE">String</attrtype><attwidth Sync="TRUE">50</attwidth><atprecis Sync="TRUE">0</atprecis><attscale Sync="TRUE">0</attscale></attr><attr><attrlabl Sync="TRUE">Status</attrlabl><attalias Sync="TRUE">Status</attalias><attrtype Sync="TRUE">String</attrtype><attwidth Sync="TRUE">50</attwidth><atprecis Sync="TRUE">0</atprecis><attscale Sync="TRUE">0</attscale></attr><attr><attrlabl Sync="TRUE">Address</attrlabl><attalias Sync="TRUE">Address</attalias><attrtype Sync="TRUE">String</attrtype><attwidth Sync="TRUE">50</attwidth><atprecis Sync="TRUE">0</atprecis><attscale Sync="TRUE">0</attscale></attr><attr><attrlabl Sync="TRUE">Enrollment</attrlabl><attalias Sync="TRUE">Enrollment</attalias><attrtype Sync="TRUE">String</attrtype><attwidth Sync="TRUE">50</attwidth><atprecis Sync="TRUE">0</atprecis><attscale Sync="TRUE">0</attscale></attr><attr><attrlabl Sync="TRUE">GradeRange</attrlabl><attalias Sync="TRUE">GradeRange</attalias><attrtype Sync="TRUE">String</attrtype><attwidth Sync="TRUE">50</attwidth><atprecis Sync="TRUE">0</atprecis><attscale Sync="TRUE">0</attscale></attr><attr><attrlabl Sync="TRUE">Employment</attrlabl><attalias Sync="TRUE">Employment</attalias><attrtype Sync="TRUE">String</attrtype><attwidth Sync="TRUE">50</attwidth><atprecis Sync="TRUE">0</atprecis><attscale Sync="TRUE">0</attscale></attr><attr><attrlabl Sync="TRUE">Type</attrlabl><attalias Sync="TRUE">Type</attalias><attrtype Sync="TRUE">String</attrtype><attwidth Sync="TRUE">50</attwidth><atprecis Sync="TRUE">0</atprecis><attscale Sync="TRUE">0</attscale></attr><attr><attrlabl Sync="TRUE">Shape_Le_1</attrlabl><attalias Sync="TRUE">Shape_Le_1</attalias><attrtype Sync="TRUE">Double</attrtype><attwidth Sync="TRUE">8</attwidth><atprecis Sync="TRUE">0</atprecis><attscale Sync="TRUE">0</attscale></attr><attr><attrlabl Sync="TRUE">Ratio</attrlabl><attalias Sync="TRUE">Ratio</attalias><attrtype Sync="TRUE">String</attrtype><attwidth Sync="TRUE">50</attwidth><atprecis Sync="TRUE">0</atprecis><attscale Sync="TRUE">0</attscale></attr><attr><attrlabl Sync="TRUE">X_Coord</attrlabl><attalias Sync="TRUE">X_Coord</attalias><attrtype Sync="TRUE">Single</attrtype><attwidth Sync="TRUE">4</attwidth><atprecis Sync="TRUE">0</atprecis><attscale Sync="TRUE">0</attscale></attr><attr><attrlabl Sync="TRUE">Shape_Length</attrlabl><attalias Sync="TRUE">Shape_Length</attalias><attrtype Sync="TRUE">Double</attrtype><attwidth Sync="TRUE">8</attwidth><atprecis Sync="TRUE">0</atprecis><attscale Sync="TRUE">0</attscale><attrdef Sync="TRUE">Length of feature in internal units.</attrdef><attrdefs Sync="TRUE">ESRI</attrdefs><attrdomv><udom Sync="TRUE">Positive real numbers that are automatically generated.</udom></attrdomv></attr><attr><attrlabl Sync="TRUE">Y_Coord</attrlabl><attalias Sync="TRUE">Y_Coord</attalias><attrtype Sync="TRUE">Single</attrtype><attwidth Sync="TRUE">4</attwidth><atprecis Sync="TRUE">0</atprecis><attscale Sync="TRUE">0</attscale></attr></detailed></eainfo><mdDateSt Sync="TRUE">20150406</mdDateSt><dataqual><lineage><procstep><procdesc Sync="TRUE">Dataset copied.</procdesc><srcused Sync="TRUE">\\Fm-metro-server\GIS\GIS_Data_Repository\Archives\2010_Archived_GIS_Data.gdb</srcused><procdate Sync="TRUE">20110131</procdate><proctime Sync="TRUE">14111500</proctime></procstep><procstep><procdesc Sync="TRUE">Dataset copied.</procdesc><srcused Sync="TRUE">C:\Documents and Settings\Joan Geyer\Desktop\Projects\ClaySchools</srcused><procdate Sync="TRUE">20110316</procdate><proctime Sync="TRUE">16512500</proctime></procstep><srcinfo><srctime><timeinfo><sngdate><caldate>2/14/11</caldate><time>unknown</time></sngdate></timeinfo><srccurr>publication date</srccurr></srctime></srcinfo></lineage></dataqual></metadata>
