<?xml version="1.0" encoding="UTF-8"?>
<metadata xml:lang="en"><Esri><CreaDate>20150910</CreaDate><CreaTime>14511100</CreaTime><ArcGISFormat>1.0</ArcGISFormat><SyncOnce>FALSE</SyncOnce><DataProperties><lineage><Process ToolSource="C:\Program Files\ArcGIS\Desktop10.0\ArcToolbox\Toolboxes\Data Management Tools.tbx\CalculateField" Date="20110627" Time="143911">CalculateField Stops ROUTESTOPNO "[ROUTE] + [STOP_NUMBER]" VB #</Process><Process ToolSource="C:\Program Files\ArcGIS\Desktop10.0\ArcToolbox\Toolboxes\Data Management Tools.tbx\CalculateField" Date="20110627" Time="143933">CalculateField Stops ROUTESTOPNO "[ROUTE] + "-" +  [STOP_NUMBER]" VB #</Process><Process ToolSource="C:\Program Files\ArcGIS\Desktop10.0\ArcToolbox\Toolboxes\Data Management Tools.tbx\CalculateField" Date="20110628" Time="082805">CalculateField Stops ROUTESTOPNO "[ROUTE] + "-" + [STOP_NUMBER]" VB #</Process><Process ToolSource="C:\Program Files\ArcGIS\Desktop10.0\ArcToolbox\Toolboxes\Data Management Tools.tbx\CalculateField" Date="20110628" Time="082824">CalculateField Stops ROUTESTOPNO "[ROUTE] + "-" + [STOP_NUMBER]" VB #</Process><Process ToolSource="C:\Program Files\ArcGIS\Desktop10.0\ArcToolbox\Toolboxes\Data Management Tools.tbx\CalculateField" Date="20110628" Time="084323">CalculateField Stops ROUTESTOPNO "[ROUTE] + "-" + [STOP_NUMBER]" VB #</Process><Process ToolSource="C:\Program Files\ArcGIS\Desktop10.0\ArcToolbox\Toolboxes\Data Management Tools.tbx\CalculateField" Date="20110628" Time="085706">CalculateField Stops ROUTESTOPNO "[ROUTE] + "-" + [STOP_NUMBER]" VB #</Process><Process ToolSource="C:\Program Files\ArcGIS\Desktop10.0\ArcToolbox\Toolboxes\Data Management Tools.tbx\CalculateField" Date="20110628" Time="091636">CalculateField Stops ROUTESTOPNO "[ROUTE] + "-" + [STOP_NUMBER]" VB #</Process><Process ToolSource="C:\Program Files\ArcGIS\Desktop10.0\ArcToolbox\Toolboxes\Data Management Tools.tbx\CalculateField" Date="20110628" Time="103400">CalculateField Stops ROUTESTOPNO "[ROUTE] + "-" + [STOP_NUMBER]" VB #</Process><Process ToolSource="C:\Program Files\ArcGIS\Desktop10.0\ArcToolbox\Toolboxes\Data Management Tools.tbx\CalculateField" Date="20110628" Time="110605">CalculateField Stops ROUTESTOPNO "[ROUTE] + "-" + [STOP_NUMBER]" VB #</Process><Process ToolSource="C:\Program Files\ArcGIS\Desktop10.0\ArcToolbox\Toolboxes\Data Management Tools.tbx\CalculateField" Date="20110628" Time="121642">CalculateField Stops ROUTESTOPNO "[ROUTE] + "-" + [STOP_NUMBER]" VB #</Process><Process ToolSource="C:\Program Files\ArcGIS\Desktop10.0\ArcToolbox\Toolboxes\Data Management Tools.tbx\CalculateField" Date="20110628" Time="144412">CalculateField Stops ROUTESTOPNO "[ROUTE] + "-" + [STOP_NUMBER]" VB #</Process><Process ToolSource="C:\Program Files\ArcGIS\Desktop10.0\ArcToolbox\Toolboxes\Data Management Tools.tbx\CalculateField" Date="20110706" Time="095818">CalculateField Stops ROUTESTOPNO "[ROUTE] + "-" + [STOP_NUMBER]" VB #</Process><Process ToolSource="C:\Program Files\ArcGIS\Desktop10.0\ArcToolbox\Toolboxes\Data Management Tools.tbx\CalculateField" Date="20110706" Time="101024">CalculateField Stops ROUTESTOPNO "[ROUTE] + "-" + [STOP_NUMBER]" VB #</Process><Process ToolSource="C:\Program Files\ArcGIS\Desktop10.0\ArcToolbox\Toolboxes\Data Management Tools.tbx\CalculateField" Date="20110706" Time="123358">CalculateField Stops ROUTESTOPNO "[ROUTE] + "-" + [STOP_NUMBER]" VB #</Process><Process ToolSource="C:\Program Files\ArcGIS\Desktop10.0\ArcToolbox\Toolboxes\Data Management Tools.tbx\CalculateField" Date="20110706" Time="130431">CalculateField Stops ROUTESTOPNO "[ROUTE] + "-" + [STOP_NUMBER]" VB #</Process><Process ToolSource="C:\Program Files\ArcGIS\Desktop10.0\ArcToolbox\Toolboxes\Data Management Tools.tbx\CalculateField" Date="20110706" Time="131923">CalculateField Stops ROUTESTOPNO "[ROUTE] + "-" + [STOP_NUMBER]" VB #</Process><Process ToolSource="C:\Program Files\ArcGIS\Desktop10.0\ArcToolbox\Toolboxes\Data Management Tools.tbx\CalculateField" Date="20110706" Time="150943">CalculateField Stops CITY "FARGO" VB #</Process><Process ToolSource="C:\Program Files\ArcGIS\Desktop10.0\ArcToolbox\Toolboxes\Data Management Tools.tbx\CalculateField" Date="20110706" Time="151005">CalculateField Stops CITY "MOORHEAD" VB #</Process><Process ToolSource="C:\Program Files\ArcGIS\Desktop10.0\ArcToolbox\Toolboxes\Data Management Tools.tbx\CalculateField" Date="20110706" Time="151039">CalculateField Stops TRANSFER_POINT "N" VB #</Process><Process ToolSource="C:\Program Files\ArcGIS\Desktop10.0\ArcToolbox\Toolboxes\Data Management Tools.tbx\CalculateField" Date="20110706" Time="151130">CalculateField Stops CITY "MOORHEAD" VB #</Process><Process ToolSource="C:\Program Files\ArcGIS\Desktop10.0\ArcToolbox\Toolboxes\Data Management Tools.tbx\CalculateField" Date="20110706" Time="151152">CalculateField Stops CITY "FARGO" VB #</Process><Process ToolSource="C:\Program Files\ArcGIS\Desktop10.0\ArcToolbox\Toolboxes\Data Management Tools.tbx\CalculateField" Date="20110706" Time="151212">CalculateField Stops CITY "FARGO" VB #</Process><Process ToolSource="C:\Program Files\ArcGIS\Desktop10.0\ArcToolbox\Toolboxes\Data Management Tools.tbx\CalculateField" Date="20110706" Time="151223">CalculateField Stops TRANSFER_POINT "N" VB #</Process><Process ToolSource="C:\Program Files\ArcGIS\Desktop10.0\ArcToolbox\Toolboxes\Data Management Tools.tbx\CalculateField" Date="20110706" Time="151251">CalculateField Stops ROUTESTOPNO "[ROUTE] + "-" + [STOP_NUMBER]" VB #</Process><Process ToolSource="C:\Program Files\ArcGIS\Desktop10.0\ArcToolbox\Toolboxes\Data Management Tools.tbx\CalculateField" Date="20110706" Time="155318">CalculateField Stops ROUTESTOPNO "[ROUTE] + "-" + [STOP_NUMBER]" VB #</Process><Process ToolSource="C:\Program Files\ArcGIS\Desktop10.0\ArcToolbox\Toolboxes\Data Management Tools.tbx\CalculateField" Date="20110706" Time="160438">CalculateField Stops ROUTESTOPNO "[ROUTE] + "-" + [STOP_NUMBER]" VB #</Process><Process ToolSource="C:\Program Files\ArcGIS\Desktop10.0\ArcToolbox\Toolboxes\Data Management Tools.tbx\CalculateField" Date="20110706" Time="163354">CalculateField Stops ROUTESTOPNO "[ROUTE] + "-" + [STOP_NUMBER]" VB #</Process><Process ToolSource="C:\Program Files\ArcGIS\Desktop10.0\ArcToolbox\Toolboxes\Data Management Tools.tbx\CalculateField" Date="20110706" Time="163406">CalculateField Stops CITY "MOORHEAD" VB #</Process><Process ToolSource="C:\Program Files\ArcGIS\Desktop10.0\ArcToolbox\Toolboxes\Data Management Tools.tbx\CalculateField" Date="20110706" Time="164249">CalculateField Stops ROUTESTOPNO "[ROUTE] + "-" + [STOP_NUMBER]" VB #</Process><Process ToolSource="C:\Program Files\ArcGIS\Desktop10.0\ArcToolbox\Toolboxes\Data Management Tools.tbx\CalculateField" Date="20110707" Time="103429">CalculateField Stops ROUTESTOPNO "[ROUTE] + "-" + [STOP_NUMBER]" VB #</Process><Process ToolSource="C:\Program Files\ArcGIS\Desktop10.0\ArcToolbox\Toolboxes\Data Management Tools.tbx\CalculateField" Date="20110707" Time="104957">CalculateField Stops ROUTESTOPNO "[ROUTE] + "-" + [STOP_NUMBER]" VB #</Process><Process ToolSource="C:\Program Files\ArcGIS\Desktop10.0\ArcToolbox\Toolboxes\Data Management Tools.tbx\CalculateField" Date="20110707" Time="123056">CalculateField Stops ROUTESTOPNO "[ROUTE] + "-" + [STOP_NUMBER]" VB #</Process><Process ToolSource="C:\Program Files\ArcGIS\Desktop10.0\ArcToolbox\Toolboxes\Data Management Tools.tbx\CalculateField" Date="20110707" Time="123627">CalculateField Stops CITY "FARGO" VB #</Process><Process ToolSource="C:\Program Files\ArcGIS\Desktop10.0\ArcToolbox\Toolboxes\Data Management Tools.tbx\CalculateField" Date="20110707" Time="123645">CalculateField Stops ROUTESTOPNO "[ROUTE] + "-" + [STOP_NUMBER]" VB #</Process><Process ToolSource="C:\Program Files\ArcGIS\Desktop10.0\ArcToolbox\Toolboxes\Data Management Tools.tbx\CalculateField" Date="20110707" Time="124800">CalculateField Stops ROUTESTOPNO "[ROUTE] + "-" + [STOP_NUMBER]" VB #</Process><Process ToolSource="C:\Program Files\ArcGIS\Desktop10.0\ArcToolbox\Toolboxes\Data Management Tools.tbx\CalculateField" Date="20110707" Time="125119">CalculateField Stops ROUTESTOPNO "[ROUTE] + "-" + [STOP_NUMBER]" VB #</Process><Process ToolSource="C:\Program Files\ArcGIS\Desktop10.0\ArcToolbox\Toolboxes\Data Management Tools.tbx\CalculateField" Date="20110707" Time="125757">CalculateField Stops ROUTESTOPNO "[ROUTE] + "-" + [STOP_NUMBER]" VB #</Process><Process ToolSource="C:\Program Files\ArcGIS\Desktop10.0\ArcToolbox\Toolboxes\Data Management Tools.tbx\CalculateField" Date="20110707" Time="140313">CalculateField Stops CITY "FARGO" VB #</Process><Process ToolSource="C:\Program Files\ArcGIS\Desktop10.0\ArcToolbox\Toolboxes\Data Management Tools.tbx\CalculateField" Date="20110707" Time="141443">CalculateField Stops ROUTESTOPNO "[ROUTE] + "-" + [STOP_NUMBER]" VB #</Process><Process ToolSource="C:\Program Files\ArcGIS\Desktop10.0\ArcToolbox\Toolboxes\Data Management Tools.tbx\CalculateField" Date="20110707" Time="142209">CalculateField Stops ROUTESTOPNO "[ROUTE] + "-" + [STOP_NUMBER]" VB #</Process><Process ToolSource="C:\Program Files\ArcGIS\Desktop10.0\ArcToolbox\Toolboxes\Data Management Tools.tbx\CalculateField" Date="20110707" Time="145203">CalculateField Stops ROUTESTOPNO "[ROUTE] + "-" + [STOP_NUMBER]" VB #</Process><Process ToolSource="C:\Program Files\ArcGIS\Desktop10.0\ArcToolbox\Toolboxes\Data Management Tools.tbx\CalculateField" Date="20110707" Time="145217">CalculateField Stops CITY "FARGO" VB #</Process><Process ToolSource="C:\Program Files\ArcGIS\Desktop10.0\ArcToolbox\Toolboxes\Data Management Tools.tbx\CalculateField" Date="20110718" Time="130734">CalculateField Stops ROUTESTOPNO "[ROUTE] + "-" + [STOP_NUMBER]" VB #</Process><Process ToolSource="C:\Program Files\ArcGIS\Desktop10.0\ArcToolbox\Toolboxes\Data Management Tools.tbx\CalculateField" Date="20110718" Time="164326">CalculateField Stops ROUTESTOPNO "[ROUTE] + "-" + [STOP_NUMBER]" VB #</Process><Process ToolSource="C:\Program Files\ArcGIS\Desktop10.0\ArcToolbox\Toolboxes\Data Management Tools.tbx\CalculateField" Date="20110719" Time="091625">CalculateField Stops ROUTESTOPNO "[ROUTE] + "-" + [STOP_NUMBER]" VB #</Process><Process ToolSource="C:\Program Files\ArcGIS\Desktop10.0\ArcToolbox\Toolboxes\Data Management Tools.tbx\CalculateField" Date="20110719" Time="091642">CalculateField Stops CITY "FARGO" VB #</Process><Process ToolSource="C:\Program Files\ArcGIS\Desktop10.0\ArcToolbox\Toolboxes\Data Management Tools.tbx\CalculateField" Date="20110719" Time="115015">CalculateField Stops ROUTESTOPNO "[ROUTE] + "-" + [STOP_NUMBER]" VB #</Process><Process ToolSource="C:\Program Files\ArcGIS\Desktop10.0\ArcToolbox\Toolboxes\Data Management Tools.tbx\CalculateField" Date="20110719" Time="132021">CalculateField Stops CITY "FARGO" VB #</Process><Process ToolSource="C:\Program Files\ArcGIS\Desktop10.0\ArcToolbox\Toolboxes\Data Management Tools.tbx\CalculateField" Date="20110719" Time="133043">CalculateField Stops ROUTESTOPNO "[ROUTE] + "-" + [STOP_NUMBER]" VB #</Process><Process ToolSource="C:\Program Files\ArcGIS\Desktop10.0\ArcToolbox\Toolboxes\Data Management Tools.tbx\CalculateField" Date="20110720" Time="092822">CalculateField Stops STOP_NUMBER "[ROUTE] + "-" + [STOP_NUMBER]" VB #</Process><Process ToolSource="C:\Program Files\ArcGIS\Desktop10.0\ArcToolbox\Toolboxes\Data Management Tools.tbx\CalculateField" Date="20110720" Time="092843">CalculateField Stops ROUTESTOPNO "[ROUTE] + "-" + [STOP_NUMBER]" VB #</Process><Process ToolSource="C:\Program Files\ArcGIS\Desktop10.0\ArcToolbox\Toolboxes\Data Management Tools.tbx\CalculateField" Date="20110720" Time="094156">CalculateField Stops ROUTESTOPNO "[ROUTE] + "-" + [STOP_NUMBER]" VB #</Process><Process ToolSource="C:\Program Files\ArcGIS\Desktop10.0\ArcToolbox\Toolboxes\Data Management Tools.tbx\CalculateField" Date="20110720" Time="122600">CalculateField Stops ROUTESTOPNO "[ROUTE] + "-" + [STOP_NUMBER]" VB #</Process><Process ToolSource="C:\Program Files\ArcGIS\Desktop10.0\ArcToolbox\Toolboxes\Data Management Tools.tbx\CalculateField" Date="20110720" Time="123104">CalculateField Stops CITY "WEST FARGO" VB #</Process><Process ToolSource="C:\Program Files\ArcGIS\Desktop10.0\ArcToolbox\Toolboxes\Data Management Tools.tbx\CalculateField" Date="20110720" Time="134454">CalculateField Stops CITY "WEST FARGO" VB #</Process><Process ToolSource="C:\Program Files\ArcGIS\Desktop10.0\ArcToolbox\Toolboxes\Data Management Tools.tbx\CalculateField" Date="20110720" Time="134507">CalculateField Stops ROUTESTOPNO "[ROUTE] + "-" + [STOP_NUMBER]" VB #</Process><Process ToolSource="C:\Program Files\ArcGIS\Desktop10.0\ArcToolbox\Toolboxes\Data Management Tools.tbx\CalculateField" Date="20110720" Time="140748">CalculateField Stops CITY "FARGO" VB #</Process><Process ToolSource="C:\Program Files\ArcGIS\Desktop10.0\ArcToolbox\Toolboxes\Data Management Tools.tbx\CalculateField" Date="20110720" Time="140801">CalculateField Stops ROUTESTOPNO "[ROUTE] + "-" + [STOP_NUMBER]" VB #</Process><Process ToolSource="C:\Program Files\ArcGIS\Desktop10.0\ArcToolbox\Toolboxes\Data Management Tools.tbx\CalculateField" Date="20110721" Time="094545">CalculateField Stops ROUTESTOPNO "[ROUTE] + "-" + [STOP_NUMBER]" VB #</Process><Process ToolSource="C:\Program Files\ArcGIS\Desktop10.0\ArcToolbox\Toolboxes\Data Management Tools.tbx\CalculateField" Date="20110721" Time="095339">CalculateField Stops ROUTESTOPNO "[ROUTE] + "-" + [STOP_NUMBER]" VB #</Process><Process ToolSource="C:\Program Files\ArcGIS\Desktop10.0\ArcToolbox\Toolboxes\Data Management Tools.tbx\CalculateField" Date="20110721" Time="101325">CalculateField Stops ROUTESTOPNO "[ROUTE] + "-" + [STOP_NUMBER]" VB #</Process><Process ToolSource="C:\Program Files\ArcGIS\Desktop10.0\ArcToolbox\Toolboxes\Data Management Tools.tbx\CalculateField" Date="20110721" Time="105159">CalculateField Stops ROUTESTOPNO "[ROUTE] + "-" + [STOP_NUMBER]" VB #</Process><Process ToolSource="C:\Program Files\ArcGIS\Desktop10.0\ArcToolbox\Toolboxes\Data Management Tools.tbx\CalculateField" Date="20110721" Time="110051">CalculateField Stops ROUTESTOPNO "[ROUTE] + "-" + [STOP_NUMBER]" VB #</Process><Process ToolSource="C:\Program Files\ArcGIS\Desktop10.0\ArcToolbox\Toolboxes\Data Management Tools.tbx\CalculateField" Date="20110722" Time="105733">CalculateField Stops ROUTESTOPNO "[ROUTE] + "-" + [STOP_NUMBER]" VB #</Process><Process ToolSource="C:\Program Files\ArcGIS\Desktop10.0\ArcToolbox\Toolboxes\Data Management Tools.tbx\CalculateField" Date="20110722" Time="112242">CalculateField Stops ROUTESTOPNO "[ROUTE] + "-" + [STOP_NUMBER]" VB #</Process><Process ToolSource="C:\Program Files\ArcGIS\Desktop10.0\ArcToolbox\Toolboxes\Data Management Tools.tbx\CalculateField" Date="20110722" Time="112259">CalculateField Stops CITY "FARGO" VB #</Process><Process ToolSource="C:\Program Files\ArcGIS\Desktop10.0\ArcToolbox\Toolboxes\Data Management Tools.tbx\CalculateField" Date="20110722" Time="122905">CalculateField Stops ROUTESTOPNO "[ROUTE] + "-" + [STOP_NUMBER]" VB #</Process><Process ToolSource="C:\Program Files\ArcGIS\Desktop10.0\ArcToolbox\Toolboxes\Data Management Tools.tbx\CalculateField" Date="20110722" Time="123437">CalculateField Stops CITY "FARGO" VB #</Process><Process ToolSource="C:\Program Files\ArcGIS\Desktop10.0\ArcToolbox\Toolboxes\Data Management Tools.tbx\CalculateField" Date="20110722" Time="123449">CalculateField Stops ROUTESTOPNO "[ROUTE] + "-" + [STOP_NUMBER]" VB #</Process><Process ToolSource="C:\Program Files\ArcGIS\Desktop10.0\ArcToolbox\Toolboxes\Data Management Tools.tbx\CalculateField" Date="20110722" Time="142850">CalculateField Stops ROUTESTOPNO "[ROUTE] + "-" + [STOP_NUMBER]" VB #</Process><Process ToolSource="C:\Program Files\ArcGIS\Desktop10.0\ArcToolbox\Toolboxes\Data Management Tools.tbx\CalculateField" Date="20110722" Time="151927">CalculateField Stops ROUTESTOPNO "[ROUTE] + "-" + [STOP_NUMBER]" VB #</Process><Process ToolSource="C:\Program Files\ArcGIS\Desktop10.0\ArcToolbox\Toolboxes\Data Management Tools.tbx\CalculateField" Date="20110722" Time="151941">CalculateField Stops CITY "FARGO" VB #</Process><Process ToolSource="C:\Program Files\ArcGIS\Desktop10.0\ArcToolbox\Toolboxes\Data Management Tools.tbx\CalculateField" Date="20110722" Time="162120">CalculateField Stops CITY "FARGO" VB #</Process><Process ToolSource="C:\Program Files\ArcGIS\Desktop10.0\ArcToolbox\Toolboxes\Data Management Tools.tbx\CalculateField" Date="20110722" Time="162129">CalculateField Stops ROUTESTOPNO "[ROUTE] + "-" + [STOP_NUMBER]" VB #</Process><Process ToolSource="C:\Program Files\ArcGIS\Desktop10.0\ArcToolbox\Toolboxes\Data Management Tools.tbx\CalculateField" Date="20110725" Time="100421">CalculateField Stops ROUTESTOPNO "[ROUTE] + "-" + [STOP_NUMBER]" VB #</Process><Process ToolSource="C:\Program Files\ArcGIS\Desktop10.0\ArcToolbox\Toolboxes\Data Management Tools.tbx\CalculateField" Date="20110725" Time="115936">CalculateField Stops ROUTESTOPNO "[ROUTE] + "-" + [STOP_NUMBER]" VB #</Process><Process ToolSource="C:\Program Files\ArcGIS\Desktop10.0\ArcToolbox\Toolboxes\Data Management Tools.tbx\CalculateField" Date="20110725" Time="115956">CalculateField Stops CITY "FARGO" VB #</Process><Process ToolSource="C:\Program Files\ArcGIS\Desktop10.0\ArcToolbox\Toolboxes\Data Management Tools.tbx\CalculateField" Date="20110725" Time="121447">CalculateField Stops ROUTESTOPNO "[ROUTE] + "-" + [STOP_NUMBER]" VB #</Process><Process ToolSource="C:\Program Files\ArcGIS\Desktop10.0\ArcToolbox\Toolboxes\Data Management Tools.tbx\CalculateField" Date="20110725" Time="121517">CalculateField Stops CITY "FARGO" VB #</Process><Process ToolSource="C:\Program Files\ArcGIS\Desktop10.0\ArcToolbox\Toolboxes\Data Management Tools.tbx\CalculateField" Date="20110725" Time="124943">CalculateField Stops ROUTE "14-NO LOOP" VB #</Process><Process ToolSource="C:\Program Files\ArcGIS\Desktop10.0\ArcToolbox\Toolboxes\Data Management Tools.tbx\CalculateField" Date="20110725" Time="125616">CalculateField Stops ROUTE "14-W LOOP" VB #</Process><Process ToolSource="C:\Program Files\ArcGIS\Desktop10.0\ArcToolbox\Toolboxes\Data Management Tools.tbx\CalculateField" Date="20110725" Time="125627">CalculateField Stops ROUTESTOPNO "[ROUTE] + "-" + [STOP_NUMBER]" VB #</Process><Process ToolSource="C:\Program Files\ArcGIS\Desktop10.0\ArcToolbox\Toolboxes\Data Management Tools.tbx\CalculateField" Date="20110725" Time="125651">CalculateField Stops ROUTESTOPNO "[ROUTE] + "-" + [STOP_NUMBER]" VB #</Process><Process ToolSource="C:\Program Files\ArcGIS\Desktop10.0\ArcToolbox\Toolboxes\Data Management Tools.tbx\CalculateField" Date="20110725" Time="130618">CalculateField Stops ROUTESTOPNO "[ROUTE] + "-" + [STOP_NUMBER]" VB #</Process><Process ToolSource="C:\Program Files\ArcGIS\Desktop10.0\ArcToolbox\Toolboxes\Data Management Tools.tbx\CalculateField" Date="20110725" Time="130708">CalculateField Stops ROUTE "14-W LOOP" VB #</Process><Process ToolSource="C:\Program Files\ArcGIS\Desktop10.0\ArcToolbox\Toolboxes\Data Management Tools.tbx\CalculateField" Date="20110725" Time="130716">CalculateField Stops ROUTESTOPNO "[ROUTE] + "-" + [STOP_NUMBER]" VB #</Process><Process ToolSource="C:\Program Files\ArcGIS\Desktop10.0\ArcToolbox\Toolboxes\Data Management Tools.tbx\CalculateField" Date="20110725" Time="132633">CalculateField Stops TRANSFER_POINT "FARGO" VB #</Process><Process ToolSource="C:\Program Files\ArcGIS\Desktop10.0\ArcToolbox\Toolboxes\Data Management Tools.tbx\CalculateField" Date="20110725" Time="132647">CalculateField Stops CITY "FARGO" VB #</Process><Process ToolSource="C:\Program Files\ArcGIS\Desktop10.0\ArcToolbox\Toolboxes\Data Management Tools.tbx\CalculateField" Date="20110725" Time="132659">CalculateField Stops CITY "FARGO" VB #</Process><Process ToolSource="C:\Program Files\ArcGIS\Desktop10.0\ArcToolbox\Toolboxes\Data Management Tools.tbx\CalculateField" Date="20110725" Time="141638">CalculateField Stops ROUTESTOPNO "[ROUTE] + "-" + [STOP_NUMBER]" VB #</Process><Process ToolSource="C:\Program Files\ArcGIS\Desktop10.0\ArcToolbox\Toolboxes\Data Management Tools.tbx\CalculateField" Date="20110725" Time="142648">CalculateField Stops ROUTESTOPNO "[ROUTE] + "-" + [STOP_NUMBER]" VB #</Process><Process ToolSource="C:\Program Files\ArcGIS\Desktop10.0\ArcToolbox\Toolboxes\Data Management Tools.tbx\CalculateField" Date="20110725" Time="145624">CalculateField Stops ROUTESTOPNO "[ROUTE] + "-" + [STOP_NUMBER]" VB #</Process><Process ToolSource="C:\Program Files\ArcGIS\Desktop10.0\ArcToolbox\Toolboxes\Data Management Tools.tbx\CalculateField" Date="20110725" Time="151234">CalculateField Stops CITY "MOORHEAD" VB #</Process><Process ToolSource="C:\Program Files\ArcGIS\Desktop10.0\ArcToolbox\Toolboxes\Data Management Tools.tbx\CalculateField" Date="20110725" Time="151715">CalculateField Stops ROUTE "5-VILLAGE LOOP" VB #</Process><Process ToolSource="C:\Program Files\ArcGIS\Desktop10.0\ArcToolbox\Toolboxes\Data Management Tools.tbx\CalculateField" Date="20110725" Time="151723">CalculateField Stops ROUTESTOPNO "[ROUTE] + "-" + [STOP_NUMBER]" VB #</Process><Process ToolSource="C:\Program Files\ArcGIS\Desktop10.0\ArcToolbox\Toolboxes\Data Management Tools.tbx\CalculateField" Date="20110725" Time="152458">CalculateField Stops ROUTESTOPNO "[ROUTE] + "-" + [STOP_NUMBER]" VB #</Process><Process ToolSource="C:\Program Files\ArcGIS\Desktop10.0\ArcToolbox\Toolboxes\Data Management Tools.tbx\CalculateField" Date="20110726" Time="094105">CalculateField Stops ROUTESTOPNO "[ROUTE] + "-" + [STOP_NUMBER]" VB #</Process><Process ToolSource="C:\Program Files\ArcGIS\Desktop10.0\ArcToolbox\Toolboxes\Data Management Tools.tbx\CalculateField" Date="20110726" Time="094521">CalculateField Stops ROUTESTOPNO "[ROUTE] + "-" + [STOP_NUMBER]" VB #</Process><Process ToolSource="C:\Program Files\ArcGIS\Desktop10.0\ArcToolbox\Toolboxes\Data Management Tools.tbx\CalculateField" Date="20110726" Time="095900">CalculateField Stops ROUTESTOPNO "[ROUTE] + "-" + [STOP_NUMBER]" VB #</Process><Process ToolSource="C:\Program Files\ArcGIS\Desktop10.0\ArcToolbox\Toolboxes\Data Management Tools.tbx\CalculateField" Date="20110726" Time="100922">CalculateField Stops CITY "MOORHEAD" VB #</Process><Process ToolSource="C:\Program Files\ArcGIS\Desktop10.0\ArcToolbox\Toolboxes\Data Management Tools.tbx\CalculateField" Date="20110726" Time="100936">CalculateField Stops CITY "MOORHEAD" VB #</Process><Process ToolSource="C:\Program Files\ArcGIS\Desktop10.0\ArcToolbox\Toolboxes\Data Management Tools.tbx\CalculateField" Date="20110726" Time="110746">CalculateField Stops CITY "MOORHEAD" VB #</Process><Process ToolSource="C:\Program Files\ArcGIS\Desktop10.0\ArcToolbox\Toolboxes\Data Management Tools.tbx\CalculateField" Date="20110726" Time="110753">CalculateField Stops ROUTESTOPNO "[ROUTE] + "-" + [STOP_NUMBER]" VB #</Process><Process ToolSource="C:\Program Files\ArcGIS\Desktop10.0\ArcToolbox\Toolboxes\Data Management Tools.tbx\CalculateField" Date="20110726" Time="112918">CalculateField Stops ROUTESTOPNO "[ROUTE] + "-" + [STOP_NUMBER]" VB #</Process><Process ToolSource="C:\Program Files\ArcGIS\Desktop10.0\ArcToolbox\Toolboxes\Data Management Tools.tbx\CalculateField" Date="20110726" Time="113837">CalculateField Stops CITY "MOORHEAD" VB #</Process><Process ToolSource="C:\Program Files\ArcGIS\Desktop10.0\ArcToolbox\Toolboxes\Data Management Tools.tbx\CalculateField" Date="20110726" Time="113845">CalculateField Stops ROUTESTOPNO "[ROUTE] + "-" + [STOP_NUMBER]" VB #</Process><Process ToolSource="C:\Program Files\ArcGIS\Desktop10.0\ArcToolbox\Toolboxes\Data Management Tools.tbx\CalculateField" Date="20110726" Time="152845">CalculateField Stops STOP_NUMBER "[ROUTE] + "-" + [STOP_NUMBER]" VB #</Process><Process ToolSource="C:\Program Files\ArcGIS\Desktop10.0\ArcToolbox\Toolboxes\Data Management Tools.tbx\CalculateField" Date="20110726" Time="152858">CalculateField Stops ROUTESTOPNO "[ROUTE] + "-" + [STOP_NUMBER]" VB #</Process><Process ToolSource="C:\Program Files\ArcGIS\Desktop10.0\ArcToolbox\Toolboxes\Data Management Tools.tbx\CalculateField" Date="20110726" Time="152913">CalculateField Stops ROUTESTOPNO "[ROUTE] + "-" + [STOP_NUMBER]" VB #</Process><Process ToolSource="C:\Program Files\ArcGIS\Desktop10.0\ArcToolbox\Toolboxes\Data Management Tools.tbx\CalculateField" Date="20110726" Time="154657">CalculateField Stops ROUTESTOPNO "[ROUTE] + "-" + [STOP_NUMBER]" VB #</Process><Process ToolSource="C:\Program Files\ArcGIS\Desktop10.0\ArcToolbox\Toolboxes\Data Management Tools.tbx\CalculateField" Date="20110726" Time="161928">CalculateField Stops ROUTESTOPNO "[ROUTE] + "-" + [STOP_NUMBER]" VB #</Process><Process ToolSource="C:\Program Files\ArcGIS\Desktop10.0\ArcToolbox\Toolboxes\Data Management Tools.tbx\CalculateField" Date="20110726" Time="163136">CalculateField Stops CITY "MOORHEAD" VB #</Process><Process ToolSource="C:\Program Files\ArcGIS\Desktop10.0\ArcToolbox\Toolboxes\Data Management Tools.tbx\CalculateField" Date="20110726" Time="163152">CalculateField Stops ROUTESTOPNO "[ROUTE] + "-" + [STOP_NUMBER]" VB #</Process><Process ToolSource="C:\Program Files\ArcGIS\Desktop10.0\ArcToolbox\Toolboxes\Data Management Tools.tbx\CalculateField" Date="20110727" Time="124224">CalculateField Stops ROUTESTOPNO "[ROUTE] + "-" + [STOP_NUMBER]" VB #</Process><Process ToolSource="C:\Program Files\ArcGIS\Desktop10.0\ArcToolbox\Toolboxes\Data Management Tools.tbx\CalculateField" Date="20110727" Time="132548">CalculateField Stops ROUTESTOPNO "[ROUTE] + "-" + [STOP_NUMBER]" VB #</Process><Process ToolSource="C:\Program Files\ArcGIS\Desktop10.0\ArcToolbox\Toolboxes\Data Management Tools.tbx\CalculateField" Date="20110727" Time="132600">CalculateField Stops CITY "FARGO" VB #</Process><Process ToolSource="C:\Program Files\ArcGIS\Desktop10.0\ArcToolbox\Toolboxes\Data Management Tools.tbx\CalculateField" Date="20110727" Time="134404">CalculateField Stops ROUTESTOPNO "[ROUTE] + "-" + [STOP_NUMBER]" VB #</Process><Process ToolSource="C:\Program Files\ArcGIS\Desktop10.0\ArcToolbox\Toolboxes\Data Management Tools.tbx\CalculateField" Date="20110727" Time="134420">CalculateField Stops CITY "FARGO" VB #</Process><Process ToolSource="C:\Program Files\ArcGIS\Desktop10.0\ArcToolbox\Toolboxes\Data Management Tools.tbx\CalculateField" Date="20110727" Time="143347">CalculateField Stops TRANSFER_POINT "Y" VB #</Process><Process ToolSource="C:\Program Files\ArcGIS\Desktop10.0\ArcToolbox\Toolboxes\Data Management Tools.tbx\CalculateField" Date="20110727" Time="152330">CalculateField Stops ROUTESTOPNO "[ROUTE] + "-" + [STOP_NUMBER]" VB #</Process><Process ToolSource="C:\Program Files\ArcGIS\Desktop10.0\ArcToolbox\Toolboxes\Data Management Tools.tbx\CalculateField" Date="20110727" Time="154134">CalculateField Stops ROUTESTOPNO "[ROUTE] + "-" + [STOP_NUMBER]" VB #</Process><Process ToolSource="C:\Program Files\ArcGIS\Desktop10.0\ArcToolbox\Toolboxes\Data Management Tools.tbx\CalculateField" Date="20110727" Time="154647">CalculateField Stops ROUTESTOPNO "[ROUTE] + "-" + [STOP_NUMBER]" VB #</Process><Process ToolSource="C:\Program Files\ArcGIS\Desktop10.0\ArcToolbox\Toolboxes\Data Management Tools.tbx\CalculateField" Date="20110727" Time="154705">CalculateField Stops CITY "FARGO" VB #</Process><Process ToolSource="C:\Program Files\ArcGIS\Desktop10.0\ArcToolbox\Toolboxes\Data Management Tools.tbx\CalculateField" Date="20110727" Time="155312">CalculateField Stops CITY "FARGO" VB #</Process><Process ToolSource="C:\Program Files\ArcGIS\Desktop10.0\ArcToolbox\Toolboxes\Data Management Tools.tbx\CalculateField" Date="20110727" Time="155321">CalculateField Stops ROUTESTOPNO "[ROUTE] + "-" + [STOP_NUMBER]" VB #</Process><Process ToolSource="C:\Program Files\ArcGIS\Desktop10.0\ArcToolbox\Toolboxes\Data Management Tools.tbx\CalculateField" Date="20110728" Time="144752">CalculateField Stops ROUTESTOPNO "[ROUTE] + "-" + [STOP_NUMBER]" VB #</Process><Process ToolSource="C:\Program Files\ArcGIS\Desktop10.0\ArcToolbox\Toolboxes\Data Management Tools.tbx\CalculateField" Date="20110728" Time="150644">CalculateField Stops ROUTESTOPNO "[ROUTE] + "-" + [STOP_NUMBER]" VB #</Process><Process ToolSource="C:\Program Files\ArcGIS\Desktop10.0\ArcToolbox\Toolboxes\Data Management Tools.tbx\CalculateField" Date="20110728" Time="160208">CalculateField Stops CITY "FARGO" VB #</Process><Process ToolSource="C:\Program Files\ArcGIS\Desktop10.0\ArcToolbox\Toolboxes\Data Management Tools.tbx\CalculateField" Date="20110728" Time="162022">CalculateField Stops ROUTESTOPNO "[ROUTE] + "-" + [STOP_NUMBER]" VB #</Process><Process ToolSource="C:\Program Files\ArcGIS\Desktop10.0\ArcToolbox\Toolboxes\Data Management Tools.tbx\CalculateField" Date="20110802" Time="083653">CalculateField Stops ROUTESTOPNO "[ROUTE] + "-" + [STOP_NUMBER]" VB #</Process><Process ToolSource="C:\Program Files\ArcGIS\Desktop10.0\ArcToolbox\Toolboxes\Data Management Tools.tbx\CalculateField" Date="20110802" Time="085856">CalculateField Stops ROUTESTOPNO "[ROUTE] + "-" + [STOP_NUMBER]" VB #</Process><Process ToolSource="C:\Program Files\ArcGIS\Desktop10.0\ArcToolbox\Toolboxes\Data Management Tools.tbx\CalculateField" Date="20110802" Time="115115">CalculateField Stops ROUTESTOPNO "[ROUTE] + "-" + [STOP_NUMBER]" VB #</Process><Process ToolSource="C:\Program Files\ArcGIS\Desktop10.0\ArcToolbox\Toolboxes\Data Management Tools.tbx\CalculateField" Date="20110802" Time="120023">CalculateField Stops ROUTESTOPNO "[ROUTE] + "-" + [STOP_NUMBER]" VB #</Process><Process ToolSource="C:\Program Files\ArcGIS\Desktop10.0\ArcToolbox\Toolboxes\Data Management Tools.tbx\CalculateField" Date="20110802" Time="120040">CalculateField Stops CITY "FARGO" VB #</Process><Process ToolSource="C:\Program Files\ArcGIS\Desktop10.0\ArcToolbox\Toolboxes\Data Management Tools.tbx\CalculateField" Date="20110802" Time="151117">CalculateField Stops ROUTESTOPNO "[ROUTE] + "-" + [STOP_NUMBER]" VB #</Process><Process ToolSource="C:\Program Files\ArcGIS\Desktop10.0\ArcToolbox\Toolboxes\Data Management Tools.tbx\CalculateField" Date="20110802" Time="155511">CalculateField Stops ROUTESTOPNO "[ROUTE] + "-" + [STOP_NUMBER]" VB #</Process><Process ToolSource="C:\Program Files\ArcGIS\Desktop10.0\ArcToolbox\Toolboxes\Data Management Tools.tbx\CalculateField" Date="20110802" Time="162109">CalculateField Stops ROUTESTOPNO "[ROUTE] + "-" + [STOP_NUMBER]" VB #</Process><Process ToolSource="C:\Program Files\ArcGIS\Desktop10.0\ArcToolbox\Toolboxes\Data Management Tools.tbx\CalculateField" Date="20110803" Time="082713">CalculateField Stops ROUTESTOPNO "[ROUTE] + "-" + [STOP_NUMBER]" VB #</Process><Process ToolSource="C:\Program Files\ArcGIS\Desktop10.0\ArcToolbox\Toolboxes\Data Management Tools.tbx\CalculateField" Date="20110804" Time="091424">CalculateField Stops CITY "FARGO" VB #</Process><Process ToolSource="C:\Program Files\ArcGIS\Desktop10.0\ArcToolbox\Toolboxes\Data Management Tools.tbx\CalculateField" Date="20110804" Time="101834">CalculateField Stops COMMENTS "BUILDING/SHELTER ON PICTOMETRY" VB #</Process><Process ToolSource="C:\Program Files\ArcGIS\Desktop10.0\ArcToolbox\Toolboxes\Data Management Tools.tbx\CalculateField" Date="20110804" Time="102119">CalculateField Stops COMMENTS "BUILDING/SHELTER ON PICTOMETRY" VB #</Process><Process ToolSource="C:\Program Files\ArcGIS\Desktop10.0\ArcToolbox\Toolboxes\Data Management Tools.tbx\CalculateField" Date="20110808" Time="103635">CalculateField Stops ROUTESTOPNO "[ROUTE] + "-" + [STOP_NUMBER]" VB #</Process><Process ToolSource="C:\Program Files\ArcGIS\Desktop10.0\ArcToolbox\Toolboxes\Data Management Tools.tbx\CalculateField" Date="20110808" Time="104520">CalculateField Stops ROUTESTOPNO "[ROUTE] + "-" + [STOP_NUMBER]" VB #</Process><Process ToolSource="C:\Program Files\ArcGIS\Desktop10.0\ArcToolbox\Toolboxes\Data Management Tools.tbx\CalculateField" Date="20110808" Time="104537">CalculateField Stops CITY "MOORHEAD" VB #</Process><Process ToolSource="C:\Program Files\ArcGIS\Desktop10.0\ArcToolbox\Toolboxes\Data Management Tools.tbx\CalculateField" Date="20110808" Time="111354">CalculateField Stops ROUTESTOPNO "[ROUTE] + "-" + [STOP_NUMBER]" VB #</Process><Process ToolSource="C:\Program Files\ArcGIS\Desktop10.0\ArcToolbox\Toolboxes\Data Management Tools.tbx\CalculateField" Date="20110808" Time="120257">CalculateField Stops ROUTESTOPNO "[ROUTE] + "-" + [STOP_NUMBER]" VB #</Process><Process ToolSource="C:\Program Files\ArcGIS\Desktop10.0\ArcToolbox\Toolboxes\Data Management Tools.tbx\CalculateField" Date="20110808" Time="121744">CalculateField Stops ROUTESTOPNO "[ROUTE] + "-" + [STOP_NUMBER]" VB #</Process><Process ToolSource="C:\Program Files\ArcGIS\Desktop10.0\ArcToolbox\Toolboxes\Data Management Tools.tbx\CalculateField" Date="20110808" Time="151612">CalculateField Stops ROUTE "5-VILLAGE LOOP" VB #</Process><Process ToolSource="C:\Program Files\ArcGIS\Desktop10.0\ArcToolbox\Toolboxes\Data Management Tools.tbx\CalculateField" Date="20110808" Time="151624">CalculateField Stops ROUTESTOPNO "[ROUTE] + "-" + [STOP_NUMBER]" VB #</Process><Process ToolSource="C:\Program Files\ArcGIS\Desktop10.0\ArcToolbox\Toolboxes\Data Management Tools.tbx\CalculateField" Date="20110808" Time="151721">CalculateField Stops ROUTE "5-VILLAGE GREEN LOOP" VB #</Process><Process ToolSource="C:\Program Files\ArcGIS\Desktop10.0\ArcToolbox\Toolboxes\Data Management Tools.tbx\CalculateField" Date="20110810" Time="124649">CalculateField Stops ROUTE "3" VB #</Process><Process ToolSource="C:\Program Files\ArcGIS\Desktop10.0\ArcToolbox\Toolboxes\Data Management Tools.tbx\CalculateField" Date="20110810" Time="155519">CalculateField Stops STOP_NUMBER autoIncrement() PYTHON_9.3 "rec=0\ndef autoIncrement():\n global rec\n pStart = 1 #adjust start value, if req'd \n pInterval = 1 #adjust interval value, if req'd\n if (rec == 0): \n  rec = pStart \n else: \n  rec = rec + pInterval \n return rec\n"</Process><Process ToolSource="C:\Program Files\ArcGIS\Desktop10.0\ArcToolbox\Toolboxes\Data Management Tools.tbx\CalculateField" Date="20110810" Time="155540">CalculateField Stops ROUTESTOPNO "[ROUTE] + "-" + [STOP_NUMBER]" VB #</Process><Process ToolSource="C:\Program Files\ArcGIS\Desktop10.0\ArcToolbox\Toolboxes\Data Management Tools.tbx\CalculateField" Date="20110810" Time="160223">CalculateField Stops STOP_NUMBER autoIncrement() PYTHON_9.3 "rec=0\ndef autoIncrement():\n global rec\n pStart = 50081 #adjust start value, if req'd \n pInterval = 1 #adjust interval value, if req'd\n if (rec == 0): \n  rec = pStart \n else: \n  rec = rec + pInterval \n return rec\n"</Process><Process ToolSource="C:\Program Files\ArcGIS\Desktop10.0\ArcToolbox\Toolboxes\Data Management Tools.tbx\CalculateField" Date="20110810" Time="160235">CalculateField Stops STOP_NUMBER autoIncrement() PYTHON_9.3 "rec=0\ndef autoIncrement():\n global rec\n pStart = 1 #adjust start value, if req'd \n pInterval = 1 #adjust interval value, if req'd\n if (rec == 0): \n  rec = pStart \n else: \n  rec = rec + pInterval \n return rec\n"</Process><Process ToolSource="C:\Program Files\ArcGIS\Desktop10.0\ArcToolbox\Toolboxes\Data Management Tools.tbx\CalculateField" Date="20110810" Time="160248">CalculateField Stops ROUTESTOPNO "[ROUTE] + "-" + [STOP_NUMBER]" VB #</Process><Process ToolSource="C:\Program Files\ArcGIS\Desktop10.0\ArcToolbox\Toolboxes\Data Management Tools.tbx\CalculateField" Date="20110810" Time="160948">CalculateField Stops STOP_NUMBER autoIncrement() PYTHON_9.3 "rec=0\ndef autoIncrement():\n global rec\n pStart = 1 #adjust start value, if req'd \n pInterval = 1 #adjust interval value, if req'd\n if (rec == 0): \n  rec = pStart \n else: \n  rec = rec + pInterval \n return rec\n"</Process><Process ToolSource="C:\Program Files\ArcGIS\Desktop10.0\ArcToolbox\Toolboxes\Data Management Tools.tbx\CalculateField" Date="20110810" Time="161000">CalculateField Stops ROUTESTOPNO "[ROUTE] + "-" + [STOP_NUMBER]" VB #</Process><Process ToolSource="C:\Program Files\ArcGIS\Desktop10.0\ArcToolbox\Toolboxes\Data Management Tools.tbx\CalculateField" Date="20110810" Time="161320">CalculateField Stops STOP_NUMBER autoIncrement() PYTHON_9.3 "rec=0\ndef autoIncrement():\n global rec\n pStart = 15 #adjust start value, if req'd \n pInterval = 1 #adjust interval value, if req'd\n if (rec == 0): \n  rec = pStart \n else: \n  rec = rec + pInterval \n return rec\n"</Process><Process ToolSource="C:\Program Files\ArcGIS\Desktop10.0\ArcToolbox\Toolboxes\Data Management Tools.tbx\CalculateField" Date="20110810" Time="161455">CalculateField Stops STOP_NUMBER autoIncrement() PYTHON_9.3 "rec=0\ndef autoIncrement():\n global rec\n pStart = 17 #adjust start value, if req'd \n pInterval = 1 #adjust interval value, if req'd\n if (rec == 0): \n  rec = pStart \n else: \n  rec = rec + pInterval \n return rec\n"</Process><Process ToolSource="C:\Program Files\ArcGIS\Desktop10.0\ArcToolbox\Toolboxes\Data Management Tools.tbx\CalculateField" Date="20110810" Time="161814">CalculateField Stops STOP_NUMBER [ROUTESTOPNO] VB #</Process><Process ToolSource="C:\Program Files\ArcGIS\Desktop10.0\ArcToolbox\Toolboxes\Data Management Tools.tbx\CalculateField" Date="20110810" Time="161858">CalculateField Stops STOP_NUMBER Replace( [STOP_NUMBER], "32-", "" ) VB #</Process><Process ToolSource="C:\Program Files\ArcGIS\Desktop10.0\ArcToolbox\Toolboxes\Data Management Tools.tbx\CalculateField" Date="20110810" Time="162143">CalculateField Stops ROUTESTOPNO "[ROUTE] + "-" + [STOP_NUMBER]" VB #</Process><Process ToolSource="C:\Program Files\ArcGIS\Desktop10.0\ArcToolbox\Toolboxes\Data Management Tools.tbx\CalculateField" Date="20110810" Time="162431">CalculateField Stops STOP_NUMBER autoIncrement() PYTHON_9.3 "rec=0\ndef autoIncrement():\n global rec\n pStart = 1 #adjust start value, if req'd \n pInterval = 1 #adjust interval value, if req'd\n if (rec == 0): \n  rec = pStart \n else: \n  rec = rec + pInterval \n return rec\n"</Process><Process ToolSource="C:\Program Files\ArcGIS\Desktop10.0\ArcToolbox\Toolboxes\Data Management Tools.tbx\CalculateField" Date="20110810" Time="162457">CalculateField Stops ROUTESTOPNO "[ROUTE] + "-" + [STOP_NUMBER]" VB #</Process><Process ToolSource="C:\Program Files\ArcGIS\Desktop10.0\ArcToolbox\Toolboxes\Data Management Tools.tbx\CalculateField" Date="20110812" Time="090256">CalculateField Stops STOP_NUMBER autoIncrement() PYTHON_9.3 "rec=0\ndef autoIncrement():\n global rec\n pStart = 1 #adjust start value, if req'd \n pInterval = 1 #adjust interval value, if req'd\n if (rec == 0): \n  rec = pStart \n else: \n  rec = rec + pInterval \n return rec\n"</Process><Process ToolSource="C:\Program Files\ArcGIS\Desktop10.0\ArcToolbox\Toolboxes\Data Management Tools.tbx\CalculateField" Date="20110812" Time="090312">CalculateField Stops ROUTESTOPNO "[ROUTE] + "-" + [STOP_NUMBER]" VB #</Process><Process ToolSource="C:\Program Files (x86)\ArcGIS\Desktop10.0\ArcToolbox\Toolboxes\Data Management Tools.tbx\CalculateField" Date="20120417" Time="080445">CalculateField SHELTERS SHELTER "Y" VB #</Process><Process ToolSource="C:\Program Files (x86)\ArcGIS\Desktop10.0\ArcToolbox\Toolboxes\Data Management Tools.tbx\CalculateField" Date="20120518" Time="095937">CalculateField SHELTERS SHELTER "Y" VB #</Process><Process ToolSource="c:\program files (x86)\arcgis\desktop10.1\ArcToolbox\Toolboxes\Data Management Tools.tbx\CalculateField" Date="20120803" Time="111041">CalculateField SHELTERS STOP_NUMBER " " VB #</Process><Process ToolSource="c:\program files (x86)\arcgis\desktop10.1\ArcToolbox\Toolboxes\Data Management Tools.tbx\CalculateField" Date="20120803" Time="111046">CalculateField SHELTERS STREET " " VB #</Process><Process ToolSource="c:\program files (x86)\arcgis\desktop10.1\ArcToolbox\Toolboxes\Data Management Tools.tbx\CalculateField" Date="20120803" Time="111050">CalculateField SHELTERS STOP_DESCRIPTION " " VB #</Process><Process ToolSource="c:\program files (x86)\arcgis\desktop10.1\ArcToolbox\Toolboxes\Data Management Tools.tbx\CalculateField" Date="20120803" Time="111053">CalculateField SHELTERS DISTANCE_BWTN_STOPS " " VB #</Process><Process ToolSource="c:\program files (x86)\arcgis\desktop10.1\ArcToolbox\Toolboxes\Data Management Tools.tbx\CalculateField" Date="20120803" Time="111057">CalculateField SHELTERS TIME_STOP " " VB #</Process><Process ToolSource="c:\program files (x86)\arcgis\desktop10.1\ArcToolbox\Toolboxes\Data Management Tools.tbx\CalculateField" Date="20120803" Time="111103">CalculateField SHELTERS TRANSFER_POINT " " VB #</Process><Process ToolSource="c:\program files (x86)\arcgis\desktop10.1\ArcToolbox\Toolboxes\Data Management Tools.tbx\CalculateField" Date="20120803" Time="111107">CalculateField SHELTERS SHELTER " " VB #</Process><Process ToolSource="c:\program files (x86)\arcgis\desktop10.1\ArcToolbox\Toolboxes\Data Management Tools.tbx\CalculateField" Date="20120803" Time="111111">CalculateField SHELTERS ROUTESTOPNO " " VB #</Process><Process ToolSource="c:\program files (x86)\arcgis\desktop10.1\ArcToolbox\Toolboxes\Data Management Tools.tbx\CalculateField" Date="20120803" Time="130315">CalculateField SHELTERS STOP_NUMBER " " VB #</Process><Process ToolSource="c:\program files (x86)\arcgis\desktop10.1\ArcToolbox\Toolboxes\Data Management Tools.tbx\CalculateField" Date="20120803" Time="130319">CalculateField SHELTERS STREET " " VB #</Process><Process ToolSource="c:\program files (x86)\arcgis\desktop10.1\ArcToolbox\Toolboxes\Data Management Tools.tbx\CalculateField" Date="20120803" Time="130322">CalculateField SHELTERS STOP_DESCRIPTION " " VB #</Process><Process ToolSource="c:\program files (x86)\arcgis\desktop10.1\ArcToolbox\Toolboxes\Data Management Tools.tbx\CalculateField" Date="20120803" Time="130326">CalculateField SHELTERS DISTANCE_BWTN_STOPS " " VB #</Process><Process ToolSource="c:\program files (x86)\arcgis\desktop10.1\ArcToolbox\Toolboxes\Data Management Tools.tbx\CalculateField" Date="20120803" Time="130330">CalculateField SHELTERS TIME_STOP " " VB #</Process><Process ToolSource="c:\program files (x86)\arcgis\desktop10.1\ArcToolbox\Toolboxes\Data Management Tools.tbx\CalculateField" Date="20120803" Time="130335">CalculateField SHELTERS TRANSFER_POINT " " VB #</Process><Process ToolSource="c:\program files (x86)\arcgis\desktop10.1\ArcToolbox\Toolboxes\Data Management Tools.tbx\CalculateField" Date="20120803" Time="130339">CalculateField SHELTERS SHELTER " " VB #</Process><Process ToolSource="c:\program files (x86)\arcgis\desktop10.1\ArcToolbox\Toolboxes\Data Management Tools.tbx\CalculateField" Date="20120803" Time="130343">CalculateField SHELTERS ROUTESTOPNO " " VB #</Process><Process ToolSource="c:\program files (x86)\arcgis\desktop10.2\ArcToolbox\Toolboxes\Data Management Tools.tbx\CopyFeatures" Date="20131122" Time="105615">CopyFeatures M:\GIS\FargoData\Dwgs\Admin\MAP_Projects\Departments\Transit\Transit_DataSets\True\true_shelters_duplicate_per_route.shp M:\GIS\FargoData\Dwgs\Admin\MAP_Projects\Departments\Transit\Transit_DataSets\True\data.gdb\true_shelters_duplicate_per_route # 0 0 0</Process><Process ToolSource="c:\program files (x86)\arcgis\desktop10.2\ArcToolbox\Toolboxes\Data Management Tools.tbx\CopyFeatures" Date="20140402" Time="155503">CopyFeatures M:\GIS\FargoData\Dwgs\Admin\MAP_Projects\Departments\Transit\Transit_DataSets\True\data.gdb\true_shelters_duplicate_per_route S:\JJB\shelterstimestops\true_shelters_duplicate_per_route.shp # 0 0 0</Process><Process ToolSource="c:\program files (x86)\arcgis\desktop10.2\ArcToolbox\Toolboxes\Data Management Tools.tbx\CopyFeatures" Date="20140410" Time="124610">CopyFeatures "N:\Data\Metro COG GIS 2014.gdb\MAT\Shelter_Locations_2014" N:\Data\GIS_Data.gdb\MAT\Shelter_Locations_2014 # 0 0 0</Process></lineage><itemProps><itemLocation><linkage Sync="TRUE">file://\\WINSERVE\GIS\Workspace\Hannah_GIS_Data\Source_Data.gdb</linkage><protocol Sync="TRUE">Local Area Network</protocol></itemLocation><itemName Sync="TRUE">Shelter_Locations_2014</itemName><imsContentType Sync="TRUE">002</imsContentType><itemSize Sync="TRUE">0.000</itemSize></itemProps><copyHistory><copy source="M:\GIS\FargoData\Dwgs\Admin\MAP_Projects\Departments\Transit\Routes_and_Stops_Data_to_Transit\Data\true_shelters_duplicate_per_route" dest="\\cof-fs-02\DEPTS\GIS\FargoData\Dwgs\Admin\MAP_Projects\Departments\Transit\Transit_DataSets\Overall\true_shelters_duplicate_per_route" date="20130304" time="13174500"></copy></copyHistory><coordRef><type Sync="TRUE">Projected</type><geogcsn Sync="TRUE">GCS_North_American_1983</geogcsn><csUnits Sync="TRUE">Linear Unit: Foot_US (0.304801)</csUnits><projcsn Sync="TRUE">NAD_1983_UTM_Zone_14N_ft</projcsn><peXml Sync="TRUE">&lt;ProjectedCoordinateSystem xsi:type='typens:ProjectedCoordinateSystem' xmlns:xsi='http://www.w3.org/2001/XMLSchema-instance' xmlns:xs='http://www.w3.org/2001/XMLSchema' xmlns:typens='http://www.esri.com/schemas/ArcGIS/10.1'&gt;&lt;WKT&gt;PROJCS[&amp;quot;NAD_1983_UTM_Zone_14N_ft&amp;quot;,GEOGCS[&amp;quot;GCS_North_American_1983&amp;quot;,DATUM[&amp;quot;D_North_American_1983&amp;quot;,SPHEROID[&amp;quot;GRS_1980&amp;quot;,6378137.0,298.257222101]],PRIMEM[&amp;quot;Greenwich&amp;quot;,0.0],UNIT[&amp;quot;Degree&amp;quot;,0.0174532925199433]],PROJECTION[&amp;quot;Transverse_Mercator&amp;quot;],PARAMETER[&amp;quot;False_Easting&amp;quot;,1640416.666666667],PARAMETER[&amp;quot;False_Northing&amp;quot;,0.0],PARAMETER[&amp;quot;Central_Meridian&amp;quot;,-99.0],PARAMETER[&amp;quot;Scale_Factor&amp;quot;,0.9996],PARAMETER[&amp;quot;Latitude_Of_Origin&amp;quot;,0.0],UNIT[&amp;quot;Foot_US&amp;quot;,0.3048006096012192]]&lt;/WKT&gt;&lt;XOrigin&gt;-16800800&lt;/XOrigin&gt;&lt;YOrigin&gt;-32802000&lt;/YOrigin&gt;&lt;XYScale&gt;3048.0060960121928&lt;/XYScale&gt;&lt;ZOrigin&gt;-100000&lt;/ZOrigin&gt;&lt;ZScale&gt;10000&lt;/ZScale&gt;&lt;MOrigin&gt;-100000&lt;/MOrigin&gt;&lt;MScale&gt;10000&lt;/MScale&gt;&lt;XYTolerance&gt;0.0032808333333333331&lt;/XYTolerance&gt;&lt;ZTolerance&gt;0.001&lt;/ZTolerance&gt;&lt;MTolerance&gt;0.001&lt;/MTolerance&gt;&lt;HighPrecision&gt;true&lt;/HighPrecision&gt;&lt;/ProjectedCoordinateSystem&gt;</peXml></coordRef></DataProperties><ArcGISstyle>XTools Pro Metadata</ArcGISstyle><SyncDate>20140623</SyncDate><SyncTime>13060700</SyncTime><ModDate>20140623</ModDate><ModTime>13060700</ModTime></Esri><dataIdInfo><envirDesc Sync="TRUE">Microsoft Windows 7 Version 6.1 (Build 7601) Service Pack 1; Esri ArcGIS 10.2.2.3552</envirDesc><dataLang><languageCode value="eng" Sync="TRUE"></languageCode><countryCode value="USA" Sync="TRUE"></countryCode></dataLang><idCitation><resTitle Sync="TRUE">Shelter_Locations_2014</resTitle><presForm><PresFormCd value="005" Sync="TRUE"></PresFormCd></presForm></idCitation><spatRpType><SpatRepTypCd value="001" Sync="TRUE"></SpatRepTypCd></spatRpType></dataIdInfo><mdLang><languageCode value="eng" Sync="TRUE"></languageCode><countryCode value="USA" Sync="TRUE"></countryCode></mdLang><distInfo><distFormat><formatName Sync="TRUE">File Geodatabase Feature Class</formatName></distFormat><distTranOps><transSize Sync="TRUE">0.000</transSize></distTranOps></distInfo><mdHrLv><ScopeCd value="005" Sync="TRUE"></ScopeCd></mdHrLv><mdHrLvName Sync="TRUE">dataset</mdHrLvName><refSysInfo><RefSystem><refSysID><identCode code="0" Sync="TRUE"></identCode></refSysID></RefSystem></refSysInfo><spatRepInfo><VectSpatRep><geometObjs Name="Shelter_Locations_2014"><geoObjTyp><GeoObjTypCd value="004" Sync="TRUE"></GeoObjTypCd></geoObjTyp><geoObjCnt Sync="TRUE">0</geoObjCnt></geometObjs><topLvl><TopoLevCd value="001" Sync="TRUE"></TopoLevCd></topLvl></VectSpatRep></spatRepInfo><spdoinfo><ptvctinf><esriterm Name="Shelter_Locations_2014"><efeatyp Sync="TRUE">Simple</efeatyp><efeageom code="1" Sync="TRUE"></efeageom><esritopo Sync="TRUE">FALSE</esritopo><efeacnt Sync="TRUE">0</efeacnt><spindex Sync="TRUE">TRUE</spindex><linrefer Sync="TRUE">FALSE</linrefer></esriterm></ptvctinf></spdoinfo><eainfo><detailed Name="Shelter_Locations_2014"><enttyp><enttypl Sync="TRUE">Shelter_Locations_2014</enttypl><enttypt Sync="TRUE">Feature Class</enttypt><enttypc Sync="TRUE">0</enttypc></enttyp><attr><attrlabl Sync="TRUE">OBJECTID_1</attrlabl><attalias Sync="TRUE">OBJECTID_1</attalias><attrtype Sync="TRUE">OID</attrtype><attwidth Sync="TRUE">4</attwidth><atprecis Sync="TRUE">0</atprecis><attscale Sync="TRUE">0</attscale><attrdef Sync="TRUE">Internal feature number.</attrdef><attrdefs Sync="TRUE">Esri</attrdefs><attrdomv><udom Sync="TRUE">Sequential unique whole numbers that are automatically generated.</udom></attrdomv></attr><attr><attrlabl Sync="TRUE">Shape</attrlabl><attalias Sync="TRUE">Shape</attalias><attrtype Sync="TRUE">Geometry</attrtype><attwidth Sync="TRUE">0</attwidth><atprecis Sync="TRUE">0</atprecis><attscale Sync="TRUE">0</attscale><attrdef Sync="TRUE">Feature geometry.</attrdef><attrdefs Sync="TRUE">Esri</attrdefs><attrdomv><udom Sync="TRUE">Coordinates defining the features.</udom></attrdomv></attr><attr><attrlabl Sync="TRUE">OBJECTID</attrlabl><attalias Sync="TRUE">OBJECTID</attalias><attrtype Sync="TRUE">Integer</attrtype><attwidth Sync="TRUE">4</attwidth><atprecis Sync="TRUE">0</atprecis><attscale Sync="TRUE">0</attscale></attr><attr><attrlabl Sync="TRUE">ROUTE</attrlabl><attalias Sync="TRUE">ROUTE</attalias><attrtype Sync="TRUE">String</attrtype><attwidth Sync="TRUE">50</attwidth><atprecis Sync="TRUE">0</atprecis><attscale Sync="TRUE">0</attscale></attr><attr><attrlabl Sync="TRUE">STOP_NUMBE</attrlabl><attalias Sync="TRUE">STOP_NUMBE</attalias><attrtype Sync="TRUE">String</attrtype><attwidth Sync="TRUE">50</attwidth><atprecis Sync="TRUE">0</atprecis><attscale Sync="TRUE">0</attscale></attr><attr><attrlabl Sync="TRUE">STREET</attrlabl><attalias Sync="TRUE">STREET</attalias><attrtype Sync="TRUE">String</attrtype><attwidth Sync="TRUE">50</attwidth><atprecis Sync="TRUE">0</atprecis><attscale Sync="TRUE">0</attscale></attr><attr><attrlabl Sync="TRUE">STOP_DESCR</attrlabl><attalias Sync="TRUE">STOP_DESCR</attalias><attrtype Sync="TRUE">String</attrtype><attwidth Sync="TRUE">200</attwidth><atprecis Sync="TRUE">0</atprecis><attscale Sync="TRUE">0</attscale></attr><attr><attrlabl Sync="TRUE">DISTANCE_B</attrlabl><attalias Sync="TRUE">DISTANCE_B</attalias><attrtype Sync="TRUE">String</attrtype><attwidth Sync="TRUE">50</attwidth><atprecis Sync="TRUE">0</atprecis><attscale Sync="TRUE">0</attscale></attr><attr><attrlabl Sync="TRUE">TIME_STOP</attrlabl><attalias Sync="TRUE">TIME_STOP</attalias><attrtype Sync="TRUE">String</attrtype><attwidth Sync="TRUE">50</attwidth><atprecis Sync="TRUE">0</atprecis><attscale Sync="TRUE">0</attscale></attr><attr><attrlabl Sync="TRUE">COMMENTS</attrlabl><attalias Sync="TRUE">COMMENTS</attalias><attrtype Sync="TRUE">String</attrtype><attwidth Sync="TRUE">250</attwidth><atprecis Sync="TRUE">0</atprecis><attscale Sync="TRUE">0</attscale></attr><attr><attrlabl Sync="TRUE">TRANSFER_P</attrlabl><attalias Sync="TRUE">TRANSFER_P</attalias><attrtype Sync="TRUE">String</attrtype><attwidth Sync="TRUE">25</attwidth><atprecis Sync="TRUE">0</atprecis><attscale Sync="TRUE">0</attscale></attr><attr><attrlabl Sync="TRUE">SHELTER</attrlabl><attalias Sync="TRUE">SHELTER</attalias><attrtype Sync="TRUE">String</attrtype><attwidth Sync="TRUE">10</attwidth><atprecis Sync="TRUE">0</atprecis><attscale Sync="TRUE">0</attscale></attr><attr><attrlabl Sync="TRUE">ROUTESTOPN</attrlabl><attalias Sync="TRUE">ROUTESTOPN</attalias><attrtype Sync="TRUE">String</attrtype><attwidth Sync="TRUE">50</attwidth><atprecis Sync="TRUE">0</atprecis><attscale Sync="TRUE">0</attscale></attr><attr><attrlabl Sync="TRUE">CITY</attrlabl><attalias Sync="TRUE">CITY</attalias><attrtype Sync="TRUE">String</attrtype><attwidth Sync="TRUE">50</attwidth><atprecis Sync="TRUE">0</atprecis><attscale Sync="TRUE">0</attscale></attr></detailed></eainfo><mdDateSt Sync="TRUE">20140623</mdDateSt></metadata>
