<?xml version="1.0" encoding="UTF-8"?>
<metadata xml:lang="en"><Esri><CreaDate>20150910</CreaDate><CreaTime>14444300</CreaTime><SyncOnce>FALSE</SyncOnce><DataProperties><lineage><Process Name="DefineProjection_8" ToolSource="C:\Program Files\ArcGIS\ArcToolbox\Toolboxes\Data Management Tools.tbx\DefineProjection" Date="20050217" Time="145303">DefineProjection K:\Metropolitan\Transportation\bikeways.shp PROJCS['Fargo_Ground_Coordinate_System',GEOGCS['GCS_North_American_1983',DATUM['D_North_American_1983',SPHEROID['GRS_1980',6378137.0,298.257222101]],PRIMEM['Greenwich',0.0],UNIT['Degree',0.0174532925199433]],PROJECTION['Rectified_Skew_Orthomorphic_Natural_Origin'],PARAMETER['False_Easting',2869344.93],PARAMETER['False_Northing',-16657672.6488],PARAMETER['Scale_Factor',1.000038773618],PARAMETER['Azimuth',2.63389226],PARAMETER['Longitude_Of_Center',-96.88886388888889],PARAMETER['Latitude_Of_Center',46.99163611111111],PARAMETER['XY_Plane_Rotation',0.0],UNIT['Foot_US',0.3048006096012192]] K:\Metropolitan\Transportation\bikeways.shp</Process><Process ToolSource="C:\Program Files\ArcGIS\ArcToolbox\Toolboxes\Conversion Tools.tbx\FeatureClassToFeatureClass" Date="20101229" Time="123705">FeatureClassToFeatureClass N:\GIS_Data_Repository\updates\2010_existing_bike_facilities.shp N:\GIS_Data_Repository\Current_GIS_Data.gdb Existing_Bikeway_Network_Dec_2010 # "LAYER 'LAYER' true true false 20 Text 0 0 ,First,#,N:\GIS_Data_Repository\updates\2010_existing_bike_facilities.shp,LAYER,-1,-1;LENGTH 'LENGTH' true true false 19 Double 2 18 ,First,#,N:\GIS_Data_Repository\updates\2010_existing_bike_facilities.shp,LENGTH,-1,-1;MILES 'MILES' true true false 19 Double 2 18 ,First,#,N:\GIS_Data_Repository\updates\2010_existing_bike_facilities.shp,MILES,-1,-1;JURISDIC 'JURISDIC' true true false 50 Text 0 0 ,First,#,N:\GIS_Data_Repository\updates\2010_existing_bike_facilities.shp,JURISDIC,-1,-1;RANK 'RANK' true true false 50 Text 0 0 ,First,#,N:\GIS_Data_Repository\updates\2010_existing_bike_facilities.shp,RANK,-1,-1;ROUTE_ID 'ROUTE_ID' true true false 19 Text 0 0 ,First,#,N:\GIS_Data_Repository\updates\2010_existing_bike_facilities.shp,ROUTE_ID,-1,-1;SL_NUM 'SL_NUM' true true false 10 Double 0 10 ,First,#,N:\GIS_Data_Repository\updates\2010_existing_bike_facilities.shp,SL_NUM,-1,-1;add_by_bon 'add_by_bon' true true false 10 Text 0 0 ,First,#,N:\GIS_Data_Repository\updates\2010_existing_bike_facilities.shp,add_by_bon,-1,-1" # N:\GIS_Data_Repository\Current_GIS_Data.gdb\Existing_Bikeway_Network_Dec_2010</Process><Process ToolSource="C:\Program Files\ArcGIS\ArcToolbox\Toolboxes\Data Management Tools.tbx\CompressFileGeodatabaseData" Date="20120119" Time="155544">CompressFileGeodatabaseData N:\GIS_Data_Repository\Archives\2010_Archived_GIS_Data.gdb\Existing_Bikeway_Network_Dec_2010 N:\GIS_Data_Repository\Archives\2010_Archived_GIS_Data.gdb\Existing_Bikeway_Network_Dec_2010</Process><Process ToolSource="C:\Program Files\ArcGIS\ArcToolbox\Toolboxes\Data Management Tools.tbx\UncompressFileGeodatabaseData" Date="20120119" Time="155753">UncompressFileGeodatabaseData N:\GIS_Data_Repository\Archives\2010_Archived_GIS_Data.gdb\Existing_Bikeway_Network_Dec_2010 # N:\GIS_Data_Repository\Archives\2010_Archived_GIS_Data.gdb\Existing_Bikeway_Network_Dec_2010</Process><Process ToolSource="C:\Program Files\ArcGIS\ArcToolbox\Toolboxes\Data Management Tools.tbx\CompressFileGeodatabaseData" Date="20120119" Time="155827">CompressFileGeodatabaseData N:\GIS_Data_Repository\Archives\2010_Archived_GIS_Data.gdb\Existing_Bikeway_Network_Dec_2010 N:\GIS_Data_Repository\Archives\2010_Archived_GIS_Data.gdb\Existing_Bikeway_Network_Dec_2010</Process><Process ToolSource="C:\Program Files\ArcGIS\ArcToolbox\Toolboxes\Conversion Tools.tbx\FeatureClassToFeatureClass" Date="20120306" Time="163536">FeatureClassToFeatureClass N:\GIS_Data_Repository\Archives\2010_Archived_GIS_Data.gdb\Existing_Bikeway_Network_Dec_2010 N:\Bicycle-Pedestrian\2011\Shapefiles Existing_Bikeway_Network_Dec_2010.shp # "LAYER 'LAYER' true true false 20 Text 0 0 ,First,#,N:\GIS_Data_Repository\Archives\2010_Archived_GIS_Data.gdb\Existing_Bikeway_Network_Dec_2010,LAYER,-1,-1;LENGTH 'LENGTH' true true false 8 Double 0 0 ,First,#,N:\GIS_Data_Repository\Archives\2010_Archived_GIS_Data.gdb\Existing_Bikeway_Network_Dec_2010,LENGTH,-1,-1;MILES 'MILES' true true false 8 Double 0 0 ,First,#,N:\GIS_Data_Repository\Archives\2010_Archived_GIS_Data.gdb\Existing_Bikeway_Network_Dec_2010,MILES,-1,-1;JURISDIC 'JURISDIC' true true false 50 Text 0 0 ,First,#,N:\GIS_Data_Repository\Archives\2010_Archived_GIS_Data.gdb\Existing_Bikeway_Network_Dec_2010,JURISDIC,-1,-1;Shape_Leng 'Shape_Length' false true true 8 Double 0 0 ,First,#,N:\GIS_Data_Repository\Archives\2010_Archived_GIS_Data.gdb\Existing_Bikeway_Network_Dec_2010,Shape_Length,-1,-1" # N:\Bicycle-Pedestrian\2011\Shapefiles\Existing_Bikeway_Network_Dec_2010.shp</Process><Process ToolSource="C:\Program Files\ArcGIS\ArcToolbox\Toolboxes\Conversion Tools.tbx\FeatureClassToFeatureClass" Date="20120712" Time="100221">FeatureClassToFeatureClass N:\GIS_Data_Repository\2012_Current_GIS_Data\2012_Current_GIS_Data.gdb\ExistingBikeways_Spring2012 "C:\Documents and Settings\owner\Desktop\Bike Map Updates 2012" "Existing Bikeways.shp" # "LAYER 'LAYER' true true false 20 Text 0 0 ,First,#,N:\GIS_Data_Repository\2012_Current_GIS_Data\2012_Current_GIS_Data.gdb\ExistingBikeways_Spring2012,LAYER,-1,-1;LENGTH 'LENGTH' true true false 8 Double 0 0 ,First,#,N:\GIS_Data_Repository\2012_Current_GIS_Data\2012_Current_GIS_Data.gdb\ExistingBikeways_Spring2012,LENGTH,-1,-1;MILES 'MILES' true true false 8 Double 0 0 ,First,#,N:\GIS_Data_Repository\2012_Current_GIS_Data\2012_Current_GIS_Data.gdb\ExistingBikeways_Spring2012,MILES,-1,-1;JURISDIC 'JURISDIC' true true false 50 Text 0 0 ,First,#,N:\GIS_Data_Repository\2012_Current_GIS_Data\2012_Current_GIS_Data.gdb\ExistingBikeways_Spring2012,JURISDIC,-1,-1;Shape_Leng 'Shape_Leng' true true false 8 Double 0 0 ,First,#,N:\GIS_Data_Repository\2012_Current_GIS_Data\2012_Current_GIS_Data.gdb\ExistingBikeways_Spring2012,Shape_Leng,-1,-1;Shape_Le_1 'Shape_Length' false true true 8 Double 0 0 ,First,#,N:\GIS_Data_Repository\2012_Current_GIS_Data\2012_Current_GIS_Data.gdb\ExistingBikeways_Spring2012,Shape_Length,-1,-1" # "C:\Documents and Settings\owner\Desktop\Bike Map Updates 2012\Existing Bikeways.shp"</Process><Process ToolSource="C:\Program Files (x86)\ArcGIS\ArcToolbox\Toolboxes\Conversion Tools.tbx\FeatureClassToFeatureClass" Date="20130304" Time="110550">FeatureClassToFeatureClass N:\2013\Bikeways_Existing_Spring.shp N:\GIS_Data_Repository\Archives\2013_Archived_GIS_Data.gdb Bikeways_Existing_Dec_2012 # "OBJECTID 'OBJECTID' true true false 9 Long 0 9 ,First,#,N:\2013\Bikeways_Existing_Spring.shp,OBJECTID,-1,-1;LAYER 'LAYER' true true false 20 Text 0 0 ,First,#,N:\2013\Bikeways_Existing_Spring.shp,LAYER,-1,-1;LENGTH 'LENGTH' true true false 19 Double 0 0 ,First,#,N:\2013\Bikeways_Existing_Spring.shp,LENGTH,-1,-1;MILES 'MILES' true true false 19 Double 0 0 ,First,#,N:\2013\Bikeways_Existing_Spring.shp,MILES,-1,-1;JURISDIC 'JURISDIC' true true false 50 Text 0 0 ,First,#,N:\2013\Bikeways_Existing_Spring.shp,JURISDIC,-1,-1;Shape_Leng 'Shape_Leng' true true false 19 Double 0 0 ,First,#,N:\2013\Bikeways_Existing_Spring.shp,Shape_Leng,-1,-1;Shape_Le_1 'Shape_Le_1' true true false 19 Double 0 0 ,First,#,N:\2013\Bikeways_Existing_Spring.shp,Shape_Le_1,-1,-1;Shape_Le_2 'Shape_Le_2' true true false 19 Double 0 0 ,First,#,N:\2013\Bikeways_Existing_Spring.shp,Shape_Le_2,-1,-1" # N:\GIS_Data_Repository\Archives\2013_Archived_GIS_Data.gdb\Bikeways_Existing_Dec_2012</Process><Process ToolSource="c:\program files (x86)\arcgis\desktop10.1\ArcToolbox\Toolboxes\Conversion Tools.tbx\FeatureClassToFeatureClass" Date="20130607" Time="155915">FeatureClassToFeatureClass "C:\Users\bytespeed2013\Desktop\New folder\Bikeways_Existing_2012.shp" N:\GIS_Data_Repository\Archives\2013_Archived_GIS_Data.gdb Bikeways_Existing_2012 # "OBJECTID_1 "OBJECTID_1" true true false 9 Long 0 9 ,First,#,C:\Users\bytespeed2013\Desktop\New folder\Bikeways_Existing_2012.shp,OBJECTID_1,-1,-1;OBJECTID "OBJECTID" true true false 9 Long 0 9 ,First,#,C:\Users\bytespeed2013\Desktop\New folder\Bikeways_Existing_2012.shp,OBJECTID,-1,-1;LAYER "LAYER" true true false 20 Text 0 0 ,First,#,C:\Users\bytespeed2013\Desktop\New folder\Bikeways_Existing_2012.shp,LAYER,-1,-1;LENGTH "LENGTH" true true false 19 Double 0 0 ,First,#,C:\Users\bytespeed2013\Desktop\New folder\Bikeways_Existing_2012.shp,LENGTH,-1,-1;MILES "MILES" true true false 19 Double 0 0 ,First,#,C:\Users\bytespeed2013\Desktop\New folder\Bikeways_Existing_2012.shp,MILES,-1,-1;JURISDIC "JURISDIC" true true false 50 Text 0 0 ,First,#,C:\Users\bytespeed2013\Desktop\New folder\Bikeways_Existing_2012.shp,JURISDIC,-1,-1;Shape_Leng "Shape_Leng" true true false 19 Double 0 0 ,First,#,C:\Users\bytespeed2013\Desktop\New folder\Bikeways_Existing_2012.shp,Shape_Leng,-1,-1;Shape_Le_1 "Shape_Le_1" true true false 19 Double 0 0 ,First,#,C:\Users\bytespeed2013\Desktop\New folder\Bikeways_Existing_2012.shp,Shape_Le_1,-1,-1;Shape_Le_2 "Shape_Le_2" true true false 19 Double 0 0 ,First,#,C:\Users\bytespeed2013\Desktop\New folder\Bikeways_Existing_2012.shp,Shape_Le_2,-1,-1;Shape_Le_3 "Shape_Le_3" true true false 19 Double 0 0 ,First,#,C:\Users\bytespeed2013\Desktop\New folder\Bikeways_Existing_2012.shp,Shape_Le_3,-1,-1" #</Process><Process ToolSource="c:\program files (x86)\arcgis\desktop10.1\ArcToolbox\Toolboxes\Conversion Tools.tbx\FeatureClassToFeatureClass" Date="20130613" Time="133029">FeatureClassToFeatureClass N:\GIS_Data_Repository\Archives\2013_Archived_GIS_Data.gdb\Bikeways_Existing_2012 N:\GIS_Data_Repository\Archives Pending_Bikeways_Existing_2012.shp # "OBJECTID_1 "OBJECTID_1" true true false 4 Long 0 0 ,First,#,N:\GIS_Data_Repository\Archives\2013_Archived_GIS_Data.gdb\Bikeways_Existing_2012,OBJECTID_1,-1,-1;OBJECTID "OBJECTID" true true false 4 Long 0 0 ,First,#,N:\GIS_Data_Repository\Archives\2013_Archived_GIS_Data.gdb\Bikeways_Existing_2012,OBJECTID,-1,-1;LAYER "LAYER" true true false 20 Text 0 0 ,First,#,N:\GIS_Data_Repository\Archives\2013_Archived_GIS_Data.gdb\Bikeways_Existing_2012,LAYER,-1,-1;LENGTH "LENGTH" true true false 8 Double 0 0 ,First,#,N:\GIS_Data_Repository\Archives\2013_Archived_GIS_Data.gdb\Bikeways_Existing_2012,LENGTH,-1,-1;MILES "MILES" true true false 8 Double 0 0 ,First,#,N:\GIS_Data_Repository\Archives\2013_Archived_GIS_Data.gdb\Bikeways_Existing_2012,MILES,-1,-1;JURISDIC "JURISDIC" true true false 50 Text 0 0 ,First,#,N:\GIS_Data_Repository\Archives\2013_Archived_GIS_Data.gdb\Bikeways_Existing_2012,JURISDIC,-1,-1;Shape_Leng "Shape_Leng" true true false 8 Double 0 0 ,First,#,N:\GIS_Data_Repository\Archives\2013_Archived_GIS_Data.gdb\Bikeways_Existing_2012,Shape_Leng,-1,-1;Shape_Le_1 "Shape_Le_1" true true false 8 Double 0 0 ,First,#,N:\GIS_Data_Repository\Archives\2013_Archived_GIS_Data.gdb\Bikeways_Existing_2012,Shape_Le_1,-1,-1;Shape_Le_2 "Shape_Le_2" true true false 8 Double 0 0 ,First,#,N:\GIS_Data_Repository\Archives\2013_Archived_GIS_Data.gdb\Bikeways_Existing_2012,Shape_Le_2,-1,-1;Shape_Le_3 "Shape_Le_3" true true false 8 Double 0 0 ,First,#,N:\GIS_Data_Repository\Archives\2013_Archived_GIS_Data.gdb\Bikeways_Existing_2012,Shape_Le_3,-1,-1;Shape_Le_4 "Shape_Length" false true true 8 Double 0 0 ,First,#,N:\GIS_Data_Repository\Archives\2013_Archived_GIS_Data.gdb\Bikeways_Existing_2012,Shape_Length,-1,-1" #</Process><Process ToolSource="c:\program files (x86)\arcgis\desktop10.1\ArcToolbox\Toolboxes\Conversion Tools.tbx\FeatureClassToFeatureClass" Date="20130613" Time="133112">FeatureClassToFeatureClass N:\GIS_Data_Repository\Archives\Pending_Bikeways_Existing_2012.shp N:\GIS_Data_Repository\Archives Pending_Bikeways_Existing_2013.shp # "OBJECTID_1 "OBJECTID_1" true true false 9 Long 0 9 ,First,#,N:\GIS_Data_Repository\Archives\Pending_Bikeways_Existing_2012.shp,OBJECTID_1,-1,-1;OBJECTID "OBJECTID" true true false 9 Long 0 9 ,First,#,N:\GIS_Data_Repository\Archives\Pending_Bikeways_Existing_2012.shp,OBJECTID,-1,-1;LAYER "LAYER" true true false 20 Text 0 0 ,First,#,N:\GIS_Data_Repository\Archives\Pending_Bikeways_Existing_2012.shp,LAYER,-1,-1;LENGTH "LENGTH" true true false 19 Double 0 0 ,First,#,N:\GIS_Data_Repository\Archives\Pending_Bikeways_Existing_2012.shp,LENGTH,-1,-1;MILES "MILES" true true false 19 Double 0 0 ,First,#,N:\GIS_Data_Repository\Archives\Pending_Bikeways_Existing_2012.shp,MILES,-1,-1;JURISDIC "JURISDIC" true true false 50 Text 0 0 ,First,#,N:\GIS_Data_Repository\Archives\Pending_Bikeways_Existing_2012.shp,JURISDIC,-1,-1;Shape_Leng "Shape_Leng" true true false 19 Double 0 0 ,First,#,N:\GIS_Data_Repository\Archives\Pending_Bikeways_Existing_2012.shp,Shape_Leng,-1,-1;Shape_Le_1 "Shape_Le_1" true true false 19 Double 0 0 ,First,#,N:\GIS_Data_Repository\Archives\Pending_Bikeways_Existing_2012.shp,Shape_Le_1,-1,-1;Shape_Le_2 "Shape_Le_2" true true false 19 Double 0 0 ,First,#,N:\GIS_Data_Repository\Archives\Pending_Bikeways_Existing_2012.shp,Shape_Le_2,-1,-1;Shape_Le_3 "Shape_Le_3" true true false 19 Double 0 0 ,First,#,N:\GIS_Data_Repository\Archives\Pending_Bikeways_Existing_2012.shp,Shape_Le_3,-1,-1;Shape_Le_4 "Shape_Le_4" true true false 19 Double 0 0 ,First,#,N:\GIS_Data_Repository\Archives\Pending_Bikeways_Existing_2012.shp,Shape_Le_4,-1,-1" #</Process><Process ToolSource="c:\program files (x86)\arcgis\desktop10.2\ArcToolbox\Toolboxes\Data Management Tools.tbx\CopyFeatures" Date="20140408" Time="170730">CopyFeatures "N:\Data\Metro COG GIS 2014.gdb\Bike_Ped\Bikeways_2014" N:\Data\GIS_Data.gdb\Bike_Ped\Bikeways_2014 # 0 0 0</Process></lineage><itemProps><itemName Sync="TRUE">Bikeways_2014_MSA</itemName><imsContentType Sync="TRUE">002</imsContentType><itemLocation><linkage Sync="TRUE">file://\\Machine1\gisdata\Directories\Base Directory\Base_Directory.gdb</linkage><protocol Sync="TRUE">Local Area Network</protocol></itemLocation><itemSize Sync="TRUE">0.000</itemSize><nativeExtBox><westBL Sync="TRUE">2123608.247564</westBL><eastBL Sync="TRUE">2336005.896259</eastBL><southBL Sync="TRUE">16950205.748670</southBL><northBL Sync="TRUE">17138357.284768</northBL><exTypeCode Sync="TRUE">1</exTypeCode></nativeExtBox></itemProps><coordRef><type Sync="TRUE">Projected</type><geogcsn Sync="TRUE">GCS_North_American_1983</geogcsn><csUnits Sync="TRUE">Linear Unit: Foot_US (0.304801)</csUnits><projcsn Sync="TRUE">NAD_1983_UTM_Zone_14N_ft</projcsn><peXml Sync="TRUE">&lt;ProjectedCoordinateSystem xsi:type='typens:ProjectedCoordinateSystem' xmlns:xsi='http://www.w3.org/2001/XMLSchema-instance' xmlns:xs='http://www.w3.org/2001/XMLSchema' xmlns:typens='http://www.esri.com/schemas/ArcGIS/10.1'&gt;&lt;WKT&gt;PROJCS[&amp;quot;NAD_1983_UTM_Zone_14N_ft&amp;quot;,GEOGCS[&amp;quot;GCS_North_American_1983&amp;quot;,DATUM[&amp;quot;D_North_American_1983&amp;quot;,SPHEROID[&amp;quot;GRS_1980&amp;quot;,6378137.0,298.257222101]],PRIMEM[&amp;quot;Greenwich&amp;quot;,0.0],UNIT[&amp;quot;Degree&amp;quot;,0.0174532925199433]],PROJECTION[&amp;quot;Transverse_Mercator&amp;quot;],PARAMETER[&amp;quot;False_Easting&amp;quot;,1640416.666666667],PARAMETER[&amp;quot;False_Northing&amp;quot;,0.0],PARAMETER[&amp;quot;Central_Meridian&amp;quot;,-99.0],PARAMETER[&amp;quot;Scale_Factor&amp;quot;,0.9996],PARAMETER[&amp;quot;Latitude_Of_Origin&amp;quot;,0.0],UNIT[&amp;quot;Foot_US&amp;quot;,0.3048006096012192]]&lt;/WKT&gt;&lt;XOrigin&gt;-16800800&lt;/XOrigin&gt;&lt;YOrigin&gt;-32802000&lt;/YOrigin&gt;&lt;XYScale&gt;3048.0060960121928&lt;/XYScale&gt;&lt;ZOrigin&gt;-100000&lt;/ZOrigin&gt;&lt;ZScale&gt;10000&lt;/ZScale&gt;&lt;MOrigin&gt;-100000&lt;/MOrigin&gt;&lt;MScale&gt;10000&lt;/MScale&gt;&lt;XYTolerance&gt;0.0032808333333333331&lt;/XYTolerance&gt;&lt;ZTolerance&gt;0.001&lt;/ZTolerance&gt;&lt;MTolerance&gt;0.001&lt;/MTolerance&gt;&lt;HighPrecision&gt;true&lt;/HighPrecision&gt;&lt;/ProjectedCoordinateSystem&gt;</peXml></coordRef></DataProperties><SyncDate>20150217</SyncDate><SyncTime>15421400</SyncTime><ModDate>20150217</ModDate><ModTime>15421400</ModTime><ArcGISFormat>1.0</ArcGISFormat></Esri><idinfo><native Sync="TRUE">Microsoft Windows XP Version 5.1 (Build 2600) Service Pack 3; ESRI ArcCatalog 9.3.1.3000</native><descript><langdata Sync="TRUE">en</langdata><abstract>2012 Metropolitan Bicycle/Pedestrain Existing Facilities

Updates :

- Re-traced the On-Road facilities so they are identical to the current Centerline .shp file. This helps to create better presentation graphics for future use with the Bike Map, etc. 

- Now, only one line represents dual facilities on a roadway. For example, under the field "LAYER" the entry "SHOULDER(S)" is represented by one line but is really both shoulder facilities on each side of the roadway. This is the same with "BIKELANE(S)", and "SIGNED SHARED ROADWAY(S)", etc.</abstract><purpose>Documentation of exising facitilities within the Metro area.
Will be used in 2011 Bike/Ped Plan</purpose><supplinf>This does NOT include Shared Use Paths. There is a separate shapefile for shared use paths.</supplinf></descript><citation><citeinfo><origin>REQUIRED: The name of an organization or individual that developed the data set.</origin><pubdate>REQUIRED: The date when the data set is published or otherwise made available for release.</pubdate><title>2012 Metropolitan Existing Bicycle/Pedestrian Facilities</title><ftname Sync="TRUE">Bikeways_Existing_Dec_2012</ftname><geoform Sync="TRUE">vector digital data</geoform><onlink Sync="TRUE">\\Fm-metro-server\GIS\GIS_Data_Repository\Archives\2013_Archived_GIS_Data.gdb</onlink></citeinfo></citation><timeperd><current>ground condition</current><timeinfo><sngdate><caldate>December 31, 2012</caldate></sngdate></timeinfo></timeperd><status><progress>Complete</progress><update>Once per year/Consistent with Metro Profile (Surveillance &amp; Monitoring Report)</update></status><spdom><bounding><westbc Sync="TRUE">-97.075890</westbc><eastbc Sync="TRUE">-96.206503</eastbc><northbc Sync="TRUE">47.143391</northbc><southbc Sync="TRUE">46.629724</southbc></bounding><lboundng><leftbc Sync="TRUE">406473.846578</leftbc><rightbc Sync="TRUE">622841.619222</rightbc><bottombc Sync="TRUE">100284.892868</bottombc><topbc Sync="TRUE">287259.968065</topbc></lboundng></spdom><keywords><theme><themekt>REQUIRED: Reference to a formally registered thesaurus or a similar authoritative source of theme keywords.</themekt><themekey>REQUIRED: Common-use word or phrase used to describe the subject of the data set.</themekey></theme></keywords><natvform Sync="TRUE">File Geodatabase Feature Class</natvform></idinfo><dataIdInfo><envirDesc Sync="TRUE"> Version 6.2 (Build 9200) ; Esri ArcGIS 10.2.2.3552</envirDesc><dataLang><languageCode Sync="TRUE" value="eng"></languageCode><countryCode value="USA" Sync="TRUE"></countryCode></dataLang><idCitation><resTitle Sync="TRUE">Bikeways_2014_MSA</resTitle><presForm><PresFormCd Sync="TRUE" value="005"></PresFormCd></presForm></idCitation><spatRpType><SpatRepTypCd Sync="TRUE" value="001"></SpatRepTypCd></spatRpType><dataExt><geoEle><GeoBndBox esriExtentType="native"><westBL Sync="TRUE">406473.846578</westBL><eastBL Sync="TRUE">622841.619222</eastBL><northBL Sync="TRUE">287259.968065</northBL><southBL Sync="TRUE">100284.892868</southBL><exTypeCode Sync="TRUE">1</exTypeCode></GeoBndBox></geoEle></dataExt><geoBox esriExtentType="decdegrees"><westBL Sync="TRUE">-97.07589</westBL><eastBL Sync="TRUE">-96.206503</eastBL><northBL Sync="TRUE">47.143391</northBL><southBL Sync="TRUE">46.629724</southBL><exTypeCode Sync="TRUE">1</exTypeCode></geoBox><dataExt><geoEle><GeoBndBox esriExtentType="search"><exTypeCode Sync="TRUE">1</exTypeCode><westBL Sync="TRUE">-97.075830</westBL><eastBL Sync="TRUE">-96.204206</eastBL><northBL Sync="TRUE">47.151058</northBL><southBL Sync="TRUE">46.617935</southBL></GeoBndBox></geoEle></dataExt></dataIdInfo><metainfo><langmeta Sync="TRUE">en</langmeta><metstdn Sync="TRUE">FGDC Content Standards for Digital Geospatial Metadata</metstdn><metstdv Sync="TRUE">FGDC-STD-001-1998</metstdv><mettc Sync="TRUE">local time</mettc><metc><cntinfo><cntorgp><cntper>REQUIRED: The person responsible for the metadata information.</cntper><cntorg>REQUIRED: The organization responsible for the metadata information.</cntorg></cntorgp><cntaddr><addrtype>REQUIRED: The mailing and/or physical address for the organization or individual.</addrtype><city>REQUIRED: The city of the address.</city><state>REQUIRED: The state or province of the address.</state><postal>REQUIRED: The ZIP or other postal code of the address.</postal></cntaddr><cntvoice>REQUIRED: The telephone number by which individuals can speak to the organization or individual.</cntvoice></cntinfo></metc><metd Sync="TRUE">20130329</metd></metainfo><mdLang><languageCode Sync="TRUE" value="eng"></languageCode><countryCode value="USA" Sync="TRUE"></countryCode></mdLang><mdStanName Sync="TRUE">ISO 19115 Geographic Information - Metadata</mdStanName><mdStanVer Sync="TRUE">DIS_ESRI1.0</mdStanVer><mdChar><CharSetCd Sync="TRUE" value="004"></CharSetCd></mdChar><mdHrLv><ScopeCd Sync="TRUE" value="005"></ScopeCd></mdHrLv><mdHrLvName Sync="TRUE">dataset</mdHrLvName><distinfo><resdesc Sync="TRUE">Downloadable Data</resdesc><stdorder><digform><digtinfo><transize Sync="TRUE">0.000</transize><dssize Sync="TRUE">0.000</dssize></digtinfo></digform></stdorder></distinfo><distInfo><distributor><distorTran><onLineSrc><orDesc Sync="TRUE">002</orDesc><linkage Sync="TRUE">file://\\Fm-metro-server\GIS\GIS_Data_Repository\Archives\2013_Archived_GIS_Data.gdb</linkage><protocol Sync="TRUE">Local Area Network</protocol></onLineSrc><transSize Sync="TRUE">0.000</transSize></distorTran><distorFormat><formatName Sync="TRUE">File Geodatabase Feature Class</formatName></distorFormat></distributor><distFormat><formatName Sync="TRUE">File Geodatabase Feature Class</formatName></distFormat><distTranOps><transSize Sync="TRUE">0.000</transSize></distTranOps></distInfo><spdoinfo><direct Sync="TRUE">Vector</direct><ptvctinf><esriterm Name="Bikeways_2014_MSA"><efeatyp Sync="TRUE">Simple</efeatyp><efeageom code="3" Sync="TRUE"></efeageom><esritopo Sync="TRUE">FALSE</esritopo><efeacnt Sync="TRUE">147</efeacnt><spindex Sync="TRUE">TRUE</spindex><linrefer Sync="TRUE">FALSE</linrefer></esriterm></ptvctinf></spdoinfo><spref><horizsys><cordsysn><geogcsn Sync="TRUE">GCS_North_American_1983</geogcsn><projcsn Sync="TRUE">Clay County Coordinates [feet]</projcsn></cordsysn><planar><planci><plance Sync="TRUE">coordinate pair</plance><plandu Sync="TRUE">survey feet</plandu><coordrep><absres Sync="TRUE">0.000328</absres><ordres Sync="TRUE">0.000328</ordres></coordrep></planci></planar><geodetic><horizdn Sync="TRUE">North American Datum of 1983</horizdn><ellips Sync="TRUE">Geodetic Reference System 80</ellips><semiaxis Sync="TRUE">6378137.000000</semiaxis><denflat Sync="TRUE">298.257222</denflat></geodetic></horizsys></spref><refSysInfo><RefSystem><refSysID><identCode Sync="TRUE" value="0" code="0">Clay County Coordinates [feet]</identCode></refSysID></RefSystem></refSysInfo><spatRepInfo><VectSpatRep><geometObjs Name="Bikeways_2014_MSA"><geoObjTyp><GeoObjTypCd value="002" Sync="TRUE"></GeoObjTypCd></geoObjTyp><geoObjCnt Sync="TRUE">147</geoObjCnt></geometObjs><topLvl><TopoLevCd value="001" Sync="TRUE"></TopoLevCd></topLvl></VectSpatRep></spatRepInfo><eainfo><detailed Name="Bikeways_2014_MSA"><enttyp><enttypl Sync="TRUE">Bikeways_2014_MSA</enttypl><enttypt Sync="TRUE">Feature Class</enttypt><enttypc Sync="TRUE">147</enttypc></enttyp><attr><attrlabl Sync="TRUE">OBJECTID_12</attrlabl><attalias Sync="TRUE">OBJECTID_12</attalias><attrtype Sync="TRUE">OID</attrtype><attwidth Sync="TRUE">4</attwidth><atprecis Sync="TRUE">0</atprecis><attscale Sync="TRUE">0</attscale><attrdef Sync="TRUE">Internal feature number.</attrdef><attrdefs Sync="TRUE">Esri</attrdefs><attrdomv><udom Sync="TRUE">Sequential unique whole numbers that are automatically generated.</udom></attrdomv></attr><attr><attrlabl Sync="TRUE">OBJECTID_1</attrlabl><attalias Sync="TRUE">OBJECTID_1</attalias><attrtype Sync="TRUE">Integer</attrtype><attwidth Sync="TRUE">4</attwidth><atprecis Sync="TRUE">0</atprecis><attscale Sync="TRUE">0</attscale><attrdef Sync="TRUE">Internal feature number.</attrdef><attrdefs Sync="TRUE">ESRI</attrdefs><attrdomv><udom Sync="TRUE">Sequential unique whole numbers that are automatically generated.</udom></attrdomv></attr><attr><attrlabl Sync="TRUE">OBJECTID</attrlabl><attalias Sync="TRUE">OBJECTID</attalias><attrtype Sync="TRUE">Integer</attrtype><attwidth Sync="TRUE">4</attwidth><atprecis Sync="TRUE">0</atprecis><attscale Sync="TRUE">0</attscale><attrdef Sync="TRUE">Internal feature number.</attrdef><attrdefs Sync="TRUE">ESRI</attrdefs><attrdomv><udom Sync="TRUE">Sequential unique whole numbers that are automatically generated.</udom></attrdomv></attr><attr><attrlabl Sync="TRUE">Shape</attrlabl><attalias Sync="TRUE">Shape</attalias><attrtype Sync="TRUE">Geometry</attrtype><attwidth Sync="TRUE">0</attwidth><atprecis Sync="TRUE">0</atprecis><attscale Sync="TRUE">0</attscale><attrdef Sync="TRUE">Feature geometry.</attrdef><attrdefs Sync="TRUE">ESRI</attrdefs><attrdomv><udom Sync="TRUE">Coordinates defining the features.</udom></attrdomv></attr><attr><attrlabl Sync="TRUE">LAYER</attrlabl><attalias Sync="TRUE">LAYER</attalias><attrtype Sync="TRUE">String</attrtype><attwidth Sync="TRUE">20</attwidth><atprecis Sync="TRUE">0</atprecis><attscale Sync="TRUE">0</attscale></attr><attr><attrlabl Sync="TRUE">LENGTH</attrlabl><attalias Sync="TRUE">LENGTH</attalias><attrtype Sync="TRUE">Double</attrtype><attwidth Sync="TRUE">8</attwidth><atprecis Sync="TRUE">0</atprecis><attscale Sync="TRUE">0</attscale></attr><attr><attrlabl Sync="TRUE">MILES</attrlabl><attalias Sync="TRUE">MILES</attalias><attrtype Sync="TRUE">Double</attrtype><attwidth Sync="TRUE">8</attwidth><atprecis Sync="TRUE">0</atprecis><attscale Sync="TRUE">0</attscale></attr><attr><attrlabl Sync="TRUE">JURISDIC</attrlabl><attalias Sync="TRUE">JURISDIC</attalias><attrtype Sync="TRUE">String</attrtype><attwidth Sync="TRUE">50</attwidth><atprecis Sync="TRUE">0</atprecis><attscale Sync="TRUE">0</attscale></attr><attr><attrlabl Sync="TRUE">Shape_Leng</attrlabl><attalias Sync="TRUE">Shape_Leng</attalias><attrtype Sync="TRUE">Double</attrtype><attwidth Sync="TRUE">8</attwidth><atprecis Sync="TRUE">0</atprecis><attscale Sync="TRUE">0</attscale></attr><attr><attrlabl Sync="TRUE">Shape_Le_1</attrlabl><attalias Sync="TRUE">Shape_Le_1</attalias><attrtype Sync="TRUE">Double</attrtype><attwidth Sync="TRUE">8</attwidth><atprecis Sync="TRUE">0</atprecis><attscale Sync="TRUE">0</attscale></attr><attr><attrlabl Sync="TRUE">Shape_Le_2</attrlabl><attalias Sync="TRUE">Shape_Le_2</attalias><attrtype Sync="TRUE">Double</attrtype><attwidth Sync="TRUE">8</attwidth><atprecis Sync="TRUE">0</atprecis><attscale Sync="TRUE">0</attscale></attr><attr><attrlabl Sync="TRUE">Shape_Le_3</attrlabl><attalias Sync="TRUE">Shape_Le_3</attalias><attrtype Sync="TRUE">Double</attrtype><attwidth Sync="TRUE">8</attwidth><atprecis Sync="TRUE">0</atprecis><attscale Sync="TRUE">0</attscale></attr><attr><attrlabl Sync="TRUE">Shape_Le_4</attrlabl><attalias Sync="TRUE">Shape_Le_4</attalias><attrtype Sync="TRUE">Double</attrtype><attwidth Sync="TRUE">8</attwidth><atprecis Sync="TRUE">0</atprecis><attscale Sync="TRUE">0</attscale></attr><attr><attrlabl Sync="TRUE">Principle</attrlabl><attalias Sync="TRUE">Principle</attalias><attrtype Sync="TRUE">String</attrtype><attwidth Sync="TRUE">50</attwidth><atprecis Sync="TRUE">0</atprecis><attscale Sync="TRUE">0</attscale></attr><attr><attrlabl Sync="TRUE">Shape_Length</attrlabl><attalias Sync="TRUE">Shape_Length</attalias><attrtype Sync="TRUE">Double</attrtype><attwidth Sync="TRUE">8</attwidth><atprecis Sync="TRUE">0</atprecis><attscale Sync="TRUE">0</attscale><attrdef Sync="TRUE">Length of feature in internal units.</attrdef><attrdefs Sync="TRUE">Esri</attrdefs><attrdomv><udom Sync="TRUE">Positive real numbers that are automatically generated.</udom></attrdomv></attr></detailed></eainfo><mdDateSt Sync="TRUE">20150217</mdDateSt><dataqual><lineage><procstep><procdesc Sync="TRUE">Dataset copied.</procdesc><srcused Sync="TRUE">K:\Metropolitan\Transportation\bikeways</srcused><date Sync="TRUE">20050816</date><time Sync="TRUE">10243800</time></procstep><procstep><procdesc Sync="TRUE">Dataset copied.</procdesc><srcused Sync="TRUE"></srcused><date Sync="TRUE">20050927</date><time Sync="TRUE">09563000</time></procstep><procstep><procdesc Sync="TRUE">Dataset copied.</procdesc><srcused Sync="TRUE"></srcused><date Sync="TRUE">20051028</date><time Sync="TRUE">16513400</time></procstep><procstep><procdesc Sync="TRUE">Dataset moved.</procdesc><srcused Sync="TRUE">N:\Metropolitan\Transportation\2005_Updated_Metropolitan_Bikeways</srcused><date Sync="TRUE">20070316</date><time Sync="TRUE">10540000</time></procstep><procstep><procdesc Sync="TRUE">Dataset copied.</procdesc><srcused Sync="TRUE"></srcused><date Sync="TRUE">20070316</date><time Sync="TRUE">14235200</time></procstep><procstep><procdesc Sync="TRUE">Dataset copied.</procdesc><srcused Sync="TRUE"></srcused><date Sync="TRUE">20080331</date><time Sync="TRUE">14025600</time></procstep><procstep><procdesc Sync="TRUE">Dataset copied.</procdesc><srcused Sync="TRUE"></srcused><procdate Sync="TRUE">20101216</procdate><proctime Sync="TRUE">11522100</proctime></procstep><procstep><procdesc Sync="TRUE">Dataset copied.</procdesc><srcused Sync="TRUE"></srcused><procdate Sync="TRUE">20101222</procdate><proctime Sync="TRUE">12165200</proctime></procstep><procstep><procdesc Sync="TRUE">Dataset copied.</procdesc><srcused Sync="TRUE">N:\Bicycle-Pedestrian\2011\Shapefiles\Existing_Bikeway_Network_Dec_2010</srcused><procdate Sync="TRUE">20120306</procdate><proctime Sync="TRUE">16485200</proctime></procstep><procstep><procdesc Sync="TRUE">Dataset copied.</procdesc><srcused Sync="TRUE"></srcused><procdate Sync="TRUE">20120404</procdate><proctime Sync="TRUE">16372500</proctime></procstep><procstep><procdesc Sync="TRUE">Dataset copied.</procdesc><srcused Sync="TRUE"></srcused><procdate Sync="TRUE">20120725</procdate><proctime Sync="TRUE">15340000</proctime></procstep><procstep><procdesc Sync="TRUE">Dataset copied.</procdesc><srcused Sync="TRUE">\\Fm-metro-server\GIS\GIS_Data_Repository\Archives\2012_Archived_GIS_Data.gdb</srcused><procdate Sync="TRUE">20130304</procdate><proctime Sync="TRUE">10232800</proctime></procstep></lineage></dataqual></metadata>
