<?xml version="1.0" encoding="UTF-8"?>
<metadata xml:lang="en"><Esri><CreaDate>20150910</CreaDate><CreaTime>14470200</CreaTime><ArcGISFormat>1.0</ArcGISFormat><SyncOnce>FALSE</SyncOnce><DataProperties><lineage><Process ToolSource="C:\Program Files\ArcGIS\Desktop10.0\ArcToolbox\Toolboxes\Data Management Tools.tbx\RepairGeometry" Date="20110809" Time="092147">RepairGeometry ROUTES DELETE_NULL</Process><Process ToolSource="C:\Program Files\ArcGIS\Desktop10.0\ArcToolbox\Toolboxes\Data Management Tools.tbx\RepairGeometry" Date="20110809" Time="095842">RepairGeometry ROUTES DELETE_NULL</Process><Process ToolSource="c:\program files (x86)\arcgis\desktop10.1\ArcToolbox\Toolboxes\Conversion Tools.tbx\FeatureClassToFeatureClass" Date="20130219" Time="121145">FeatureClassToFeatureClass M:\GIS\FargoData\Dwgs\Admin\MAP_Projects\Departments\Transit\Data\TransitRoutes.gdb\Routes\ROUTES M:\GIS\FargoData\Dwgs\Admin\MAP_Projects\Departments\Transit\Routes_and_Stops_Data_to_Transit\Data transit_routes.shp # "ROUTE_NUMB "ROUTE_NUMB" true true false 50 Text 0 0 ,First,#,M:\GIS\FargoData\Dwgs\Admin\MAP_Projects\Departments\Transit\Data\TransitRoutes.gdb\Routes\ROUTES,ROUTE_NUMBER,-1,-1;COMMENTS "COMMENTS" true true false 250 Text 0 0 ,First,#,M:\GIS\FargoData\Dwgs\Admin\MAP_Projects\Departments\Transit\Data\TransitRoutes.gdb\Routes\ROUTES,COMMENTS,-1,-1;SHAPE_Leng "SHAPE_Leng" false true true 8 Double 0 0 ,First,#,M:\GIS\FargoData\Dwgs\Admin\MAP_Projects\Departments\Transit\Data\TransitRoutes.gdb\Routes\ROUTES,SHAPE_Length,-1,-1;SCHEDULE "SCHEDULE" true true false 250 Text 0 0 ,First,#,M:\GIS\FargoData\Dwgs\Admin\MAP_Projects\Departments\Transit\Data\TransitRoutes.gdb\Routes\ROUTES,SCHEDULE,-1,-1" #</Process><Process ToolSource="c:\program files (x86)\arcgis\desktop10.2\ArcToolbox\Toolboxes\Data Management Tools.tbx\CopyFeatures" Date="20131122" Time="105603">CopyFeatures M:\GIS\FargoData\Dwgs\Admin\MAP_Projects\Departments\Transit\Transit_DataSets\True\true_transit_routes_all.shp M:\GIS\FargoData\Dwgs\Admin\MAP_Projects\Departments\Transit\Transit_DataSets\True\data.gdb\true_transit_routes_all # 0 0 0</Process><Process ToolSource="c:\program files (x86)\arcgis\desktop10.2\ArcToolbox\Toolboxes\Data Management Tools.tbx\CopyFeatures" Date="20140402" Time="150917">CopyFeatures M:\GIS\FargoData\Dwgs\Admin\MAP_Projects\Departments\Transit\Transit_DataSets\True\data.gdb\true_transit_routes_all S:\JJB\Transit\true_transit_routes_all.shp # 0 0 0</Process><Process ToolSource="c:\program files (x86)\arcgis\desktop10.2\ArcToolbox\Toolboxes\Data Management Tools.tbx\CopyFeatures" Date="20140410" Time="124631">CopyFeatures "N:\Data\Metro COG GIS 2014.gdb\MAT\Transit_Routes_2014" N:\Data\GIS_Data.gdb\MAT\Transit_Routes_2014 # 0 0 0</Process></lineage><itemProps><itemName Sync="TRUE">Transit_Routes_2014</itemName><imsContentType Sync="TRUE">002</imsContentType><itemSize Sync="TRUE">0.000</itemSize><itemLocation><linkage Sync="TRUE">file://\\WINSERVE\GIS\Data\GIS_Data.gdb</linkage><protocol Sync="TRUE">Local Area Network</protocol></itemLocation></itemProps><coordRef><type Sync="TRUE">Projected</type><geogcsn Sync="TRUE">GCS_North_American_1983</geogcsn><csUnits Sync="TRUE">Linear Unit: Foot_US (0.304801)</csUnits><projcsn Sync="TRUE">NAD_1983_UTM_Zone_14N_ft</projcsn><peXml Sync="TRUE">&lt;ProjectedCoordinateSystem xsi:type='typens:ProjectedCoordinateSystem' xmlns:xsi='http://www.w3.org/2001/XMLSchema-instance' xmlns:xs='http://www.w3.org/2001/XMLSchema' xmlns:typens='http://www.esri.com/schemas/ArcGIS/10.1'&gt;&lt;WKT&gt;PROJCS[&amp;quot;NAD_1983_UTM_Zone_14N_ft&amp;quot;,GEOGCS[&amp;quot;GCS_North_American_1983&amp;quot;,DATUM[&amp;quot;D_North_American_1983&amp;quot;,SPHEROID[&amp;quot;GRS_1980&amp;quot;,6378137.0,298.257222101]],PRIMEM[&amp;quot;Greenwich&amp;quot;,0.0],UNIT[&amp;quot;Degree&amp;quot;,0.0174532925199433]],PROJECTION[&amp;quot;Transverse_Mercator&amp;quot;],PARAMETER[&amp;quot;False_Easting&amp;quot;,1640416.666666667],PARAMETER[&amp;quot;False_Northing&amp;quot;,0.0],PARAMETER[&amp;quot;Central_Meridian&amp;quot;,-99.0],PARAMETER[&amp;quot;Scale_Factor&amp;quot;,0.9996],PARAMETER[&amp;quot;Latitude_Of_Origin&amp;quot;,0.0],UNIT[&amp;quot;Foot_US&amp;quot;,0.3048006096012192]]&lt;/WKT&gt;&lt;XOrigin&gt;-16800800&lt;/XOrigin&gt;&lt;YOrigin&gt;-32802000&lt;/YOrigin&gt;&lt;XYScale&gt;3048.0060960121928&lt;/XYScale&gt;&lt;ZOrigin&gt;-100000&lt;/ZOrigin&gt;&lt;ZScale&gt;10000&lt;/ZScale&gt;&lt;MOrigin&gt;-100000&lt;/MOrigin&gt;&lt;MScale&gt;10000&lt;/MScale&gt;&lt;XYTolerance&gt;0.0032808333333333331&lt;/XYTolerance&gt;&lt;ZTolerance&gt;0.001&lt;/ZTolerance&gt;&lt;MTolerance&gt;0.001&lt;/MTolerance&gt;&lt;HighPrecision&gt;true&lt;/HighPrecision&gt;&lt;/ProjectedCoordinateSystem&gt;</peXml></coordRef><copyHistory><copy source="M:\GIS\FargoData\Dwgs\Admin\MAP_Projects\Departments\Transit\Routes_and_Stops_Data_to_Transit\Data\true_transit_routes_all" dest="\\cof-fs-02\DEPTS\GIS\FargoData\Dwgs\Admin\MAP_Projects\Departments\Transit\Transit_DataSets\Overall\true_transit_routes_all" date="20130304" time="13174400"></copy></copyHistory></DataProperties><SyncDate>20140410</SyncDate><SyncTime>12463100</SyncTime><ModDate>20140410</ModDate><ModTime>12463100</ModTime><ArcGISstyle>XTools Pro Metadata</ArcGISstyle></Esri><dataIdInfo><envirDesc Sync="TRUE">Microsoft Windows 7 Version 6.1 (Build 7601) Service Pack 1; Esri ArcGIS 10.2.1.3497</envirDesc><dataLang><languageCode value="eng" Sync="TRUE"></languageCode><countryCode value="USA" Sync="TRUE"></countryCode></dataLang><idCitation><resTitle Sync="TRUE">Transit_Routes_2014</resTitle><presForm><PresFormCd value="005" Sync="TRUE"></PresFormCd></presForm></idCitation><spatRpType><SpatRepTypCd value="001" Sync="TRUE"></SpatRepTypCd></spatRpType></dataIdInfo><mdLang><languageCode value="eng" Sync="TRUE"></languageCode><countryCode value="USA" Sync="TRUE"></countryCode></mdLang><distInfo><distFormat><formatName Sync="TRUE">File Geodatabase Feature Class</formatName></distFormat><distTranOps><transSize Sync="TRUE">0.000</transSize></distTranOps></distInfo><mdHrLv><ScopeCd value="005" Sync="TRUE"></ScopeCd></mdHrLv><mdHrLvName Sync="TRUE">dataset</mdHrLvName><refSysInfo><RefSystem><refSysID><identCode code="0" Sync="TRUE"></identCode></refSysID></RefSystem></refSysInfo><spatRepInfo><VectSpatRep><geometObjs Name="Transit_Routes_2014"><geoObjTyp><GeoObjTypCd value="002" Sync="TRUE"></GeoObjTypCd></geoObjTyp><geoObjCnt Sync="TRUE">0</geoObjCnt></geometObjs><topLvl><TopoLevCd value="001" Sync="TRUE"></TopoLevCd></topLvl></VectSpatRep></spatRepInfo><spdoinfo><ptvctinf><esriterm Name="Transit_Routes_2014"><efeatyp Sync="TRUE">Simple</efeatyp><efeageom code="3" Sync="TRUE"></efeageom><esritopo Sync="TRUE">FALSE</esritopo><efeacnt Sync="TRUE">0</efeacnt><spindex Sync="TRUE">TRUE</spindex><linrefer Sync="TRUE">FALSE</linrefer></esriterm></ptvctinf></spdoinfo><eainfo><detailed Name="Transit_Routes_2014"><enttyp><enttypl Sync="TRUE">Transit_Routes_2014</enttypl><enttypt Sync="TRUE">Feature Class</enttypt><enttypc Sync="TRUE">0</enttypc></enttyp><attr><attrlabl Sync="TRUE">OBJECTID</attrlabl><attalias Sync="TRUE">OBJECTID</attalias><attrtype Sync="TRUE">OID</attrtype><attwidth Sync="TRUE">4</attwidth><atprecis Sync="TRUE">0</atprecis><attscale Sync="TRUE">0</attscale><attrdef Sync="TRUE">Internal feature number.</attrdef><attrdefs Sync="TRUE">Esri</attrdefs><attrdomv><udom Sync="TRUE">Sequential unique whole numbers that are automatically generated.</udom></attrdomv></attr><attr><attrlabl Sync="TRUE">Shape</attrlabl><attalias Sync="TRUE">Shape</attalias><attrtype Sync="TRUE">Geometry</attrtype><attwidth Sync="TRUE">0</attwidth><atprecis Sync="TRUE">0</atprecis><attscale Sync="TRUE">0</attscale><attrdef Sync="TRUE">Feature geometry.</attrdef><attrdefs Sync="TRUE">Esri</attrdefs><attrdomv><udom Sync="TRUE">Coordinates defining the features.</udom></attrdomv></attr><attr><attrlabl Sync="TRUE">ROUTE_NUMB</attrlabl><attalias Sync="TRUE">ROUTE_NUMB</attalias><attrtype Sync="TRUE">String</attrtype><attwidth Sync="TRUE">50</attwidth><atprecis Sync="TRUE">0</atprecis><attscale Sync="TRUE">0</attscale></attr><attr><attrlabl Sync="TRUE">COMMENTS</attrlabl><attalias Sync="TRUE">COMMENTS</attalias><attrtype Sync="TRUE">String</attrtype><attwidth Sync="TRUE">250</attwidth><atprecis Sync="TRUE">0</atprecis><attscale Sync="TRUE">0</attscale></attr><attr><attrlabl Sync="TRUE">SHAPE_Leng</attrlabl><attalias Sync="TRUE">SHAPE_Leng</attalias><attrtype Sync="TRUE">Double</attrtype><attwidth Sync="TRUE">8</attwidth><atprecis Sync="TRUE">0</atprecis><attscale Sync="TRUE">0</attscale></attr><attr><attrlabl Sync="TRUE">SCHEDULE</attrlabl><attalias Sync="TRUE">SCHEDULE</attalias><attrtype Sync="TRUE">String</attrtype><attwidth Sync="TRUE">250</attwidth><atprecis Sync="TRUE">0</atprecis><attscale Sync="TRUE">0</attscale></attr><attr><attrlabl Sync="TRUE">Shape_Le_1</attrlabl><attalias Sync="TRUE">Shape_Le_1</attalias><attrtype Sync="TRUE">Double</attrtype><attwidth Sync="TRUE">8</attwidth><atprecis Sync="TRUE">0</atprecis><attscale Sync="TRUE">0</attscale></attr><attr><attrlabl Sync="TRUE">Shape_Length</attrlabl><attalias Sync="TRUE">Shape_Length</attalias><attrtype Sync="TRUE">Double</attrtype><attwidth Sync="TRUE">8</attwidth><atprecis Sync="TRUE">0</atprecis><attscale Sync="TRUE">0</attscale><attrdef Sync="TRUE">Length of feature in internal units.</attrdef><attrdefs Sync="TRUE">Esri</attrdefs><attrdomv><udom Sync="TRUE">Positive real numbers that are automatically generated.</udom></attrdomv></attr></detailed></eainfo><mdDateSt Sync="TRUE">20140410</mdDateSt></metadata>
