<?xml version="1.0" encoding="UTF-8"?>
<metadata xml:lang="en"><Esri><CreaDate>20151102</CreaDate><CreaTime>09105000</CreaTime><ArcGISFormat>1.0</ArcGISFormat><SyncOnce>TRUE</SyncOnce><DataProperties><lineage><Process ToolSource="c:\program files (x86)\arcgis\desktop10.3\ArcToolbox\Toolboxes\Data Management Tools.tbx\CalculateField" Date="20151029" Time="100805">CalculateField CoF_PropTax XY "[X]&amp;" " &amp; [Y]" VB #</Process><Process ToolSource="c:\program files (x86)\arcgis\desktop10.3\ArcToolbox\Toolboxes\Data Management Tools.tbx\CalculateField" Date="20151029" Time="101245">CalculateField CoF_PropTax FullLand 0 VB #</Process><Process ToolSource="c:\program files (x86)\arcgis\desktop10.3\ArcToolbox\Toolboxes\Data Management Tools.tbx\CalculateField" Date="20151029" Time="101326">CalculateField CoF_PropTax FullImpr 0 VB #</Process><Process ToolSource="c:\program files (x86)\arcgis\desktop10.3\ArcToolbox\Toolboxes\Data Management Tools.tbx\CalculateField" Date="20151029" Time="101447">CalculateField CoF_PropTax LandEx 0 VB #</Process><Process ToolSource="c:\program files (x86)\arcgis\desktop10.3\ArcToolbox\Toolboxes\Data Management Tools.tbx\CalculateField" Date="20151029" Time="101729">CalculateField CoF_PropTax ImprEx 0 VB #</Process><Process ToolSource="c:\program files (x86)\arcgis\desktop10.3\ArcToolbox\Toolboxes\Data Management Tools.tbx\CalculateField" Date="20151029" Time="102847">CalculateField CoF_PropTax LandEx 0 VB #</Process><Process ToolSource="c:\program files (x86)\arcgis\desktop10.3\ArcToolbox\Toolboxes\Data Management Tools.tbx\CalculateField" Date="20151029" Time="103738">CalculateField CoF_PropTax ImprEx 0 VB #</Process><Process ToolSource="c:\program files (x86)\arcgis\desktop10.3\ArcToolbox\Toolboxes\Data Management Tools.tbx\CalculateField" Date="20151029" Time="112542">CalculateField CoF_PropTax RealValue "( [FullLand] - [LandEx]) +( [FullImpr] - [ImprEx])" VB #</Process><Process ToolSource="c:\program files (x86)\arcgis\desktop10.3\ArcToolbox\Toolboxes\Data Management Tools.tbx\CalculateField" Date="20151029" Time="113409">CalculateField CoF_PropTax CoF_Mills "[RealValue] *.5*.1*0.5515" VB #</Process><Process ToolSource="c:\program files (x86)\arcgis\desktop10.3\ArcToolbox\Toolboxes\Data Management Tools.tbx\CalculateField" Date="20151029" Time="114427">CalculateField CoF_PropTax CoF_Mills "[RealValue] *.5*.09*0.05515" VB #</Process><Process ToolSource="c:\program files (x86)\arcgis\desktop10.3\ArcToolbox\Toolboxes\Data Management Tools.tbx\CalculateField" Date="20151029" Time="115557">CalculateField CoF_PropTax CoF_Mills "[RealValue] *.5*.10*0.05515" VB #</Process></lineage></DataProperties></Esri></metadata>
