<?xml version="1.0" encoding="UTF-8"?>
<metadata xml:lang="en"><Esri><CreaDate>20150504</CreaDate><CreaTime>12200200</CreaTime><ArcGISFormat>1.0</ArcGISFormat><SyncOnce>TRUE</SyncOnce><DataProperties><itemProps><itemLocation><linkage Sync="TRUE">file://\\cof-fs-02\DEPTS\GIS\Xfer\FMAupdate\ZOLL\response_zones</linkage><protocol Sync="TRUE">Local Area Network</protocol></itemLocation></itemProps><copyHistory><copy source="C:\temp\Geo32\response_zones" dest="\\cof-fs-02\DEPTS\GIS\Xfer\FMAupdate\ZOLL\response_zones" date="20150504" time="12200200"></copy></copyHistory></DataProperties></Esri></metadata>
