<?xml version="1.0" encoding="UTF-8"?>
<metadata xml:lang="en"><Esri><CreaDate>20150910</CreaDate><CreaTime>14571100</CreaTime><SyncOnce>FALSE</SyncOnce><SyncDate>20140624</SyncDate><SyncTime>13540900</SyncTime><ModDate>20140624</ModDate><ModTime>13540900</ModTime><DataProperties><lineage><Process ToolSource="C:\Program Files\ArcGIS\ArcToolbox\Toolboxes\Conversion Tools.tbx\FeatureClassToFeatureClass" Date="20101027" Time="095401">FeatureClassToFeatureClass "N:\Natural Resources\parks_and_recreation.shp" N:\GIS_Data_Repository\Current_GIS_Data.gdb Parks_and_Recreation_Areas # "PARCELNO 'PARCELNO' true true false 254 Text 0 0 ,First,#,N:\Natural Resources\parks_and_recreation.shp,PARCELNO,-1,-1;CASS_PIN 'CASS_PIN' true true false 24 Text 0 0 ,First,#,N:\Natural Resources\parks_and_recreation.shp,CASS_PIN,-1,-1;SEGID 'SEGID' true true false 9 Long 0 9 ,First,#,N:\Natural Resources\parks_and_recreation.shp,SEGID,-1,-1;OWNER1 'OWNER1' true true false 254 Text 0 0 ,First,#,N:\Natural Resources\parks_and_recreation.shp,OWNER1,-1,-1;LANDADDR 'LANDADDR' true true false 100 Text 0 0 ,First,#,N:\Natural Resources\parks_and_recreation.shp,LANDADDR,-1,-1;YRBUILT 'YRBUILT' true true false 9 Long 0 9 ,First,#,N:\Natural Resources\parks_and_recreation.shp,YRBUILT,-1,-1;APTUNITS 'APTUNITS' true true false 9 Long 0 9 ,First,#,N:\Natural Resources\parks_and_recreation.shp,APTUNITS,-1,-1;STORYHGT 'STORYHGT' true true false 9 Long 0 9 ,First,#,N:\Natural Resources\parks_and_recreation.shp,STORYHGT,-1,-1;STORYHGTDE 'STORYHGTDE' true true false 50 Text 0 0 ,First,#,N:\Natural Resources\parks_and_recreation.shp,STORYHGTDE,-1,-1;TYPE 'TYPE' true true false 50 Text 0 0 ,First,#,N:\Natural Resources\parks_and_recreation.shp,TYPE,-1,-1;TYPEDESC 'TYPEDESC' true true false 50 Text 0 0 ,First,#,N:\Natural Resources\parks_and_recreation.shp,TYPEDESC,-1,-1;USECODE 'USECODE' true true false 20 Text 0 0 ,First,#,N:\Natural Resources\parks_and_recreation.shp,USECODE,-1,-1;USECODEDES 'USECODEDES' true true false 50 Text 0 0 ,First,#,N:\Natural Resources\parks_and_recreation.shp,USECODEDES,-1,-1;ZONE1 'ZONE1' true true false 10 Text 0 0 ,First,#,N:\Natural Resources\parks_and_recreation.shp,ZONE1,-1,-1;ZONE2 'ZONE2' true true false 10 Text 0 0 ,First,#,N:\Natural Resources\parks_and_recreation.shp,ZONE2,-1,-1;LANDUSEDES 'LANDUSEDES' true true false 50 Text 0 0 ,First,#,N:\Natural Resources\parks_and_recreation.shp,LANDUSEDES,-1,-1;FID_1 'FID_1' true true false 9 Long 0 9 ,First,#,N:\Natural Resources\parks_and_recreation.shp,FID_1,-1,-1;CASS_PIN_1 'CASS_PIN_1' true true false 24 Text 0 0 ,First,#,N:\Natural Resources\parks_and_recreation.shp,CASS_PIN_1,-1,-1;STRUC_CODE 'STRUC_CODE' true true false 19 Double 0 19 ,First,#,N:\Natural Resources\parks_and_recreation.shp,STRUC_CODE,-1,-1;CODE_DESC 'CODE_DESC' true true false 50 Text 0 0 ,First,#,N:\Natural Resources\parks_and_recreation.shp,CODE_DESC,-1,-1;JURISDICTI 'JURISDICTI' true true false 50 Text 0 0 ,First,#,N:\Natural Resources\parks_and_recreation.shp,JURISDICTI,-1,-1;LANDUSE 'LANDUSE' true true false 50 Text 0 0 ,First,#,N:\Natural Resources\parks_and_recreation.shp,LANDUSE,-1,-1;PARCEL_PIN 'PARCEL_PIN' true true false 50 Text 0 0 ,First,#,N:\Natural Resources\parks_and_recreation.shp,PARCEL_PIN,-1,-1;STATE 'STATE' true true false 50 Text 0 0 ,First,#,N:\Natural Resources\parks_and_recreation.shp,STATE,-1,-1;AREA 'AREA' true true false 19 Double 11 18 ,First,#,N:\Natural Resources\parks_and_recreation.shp,AREA,-1,-1;PERIMETER 'PERIMETER' true true false 19 Double 11 18 ,First,#,N:\Natural Resources\parks_and_recreation.shp,PERIMETER,-1,-1;ACREAGE 'ACREAGE' true true false 19 Double 11 18 ,First,#,N:\Natural Resources\parks_and_recreation.shp,ACREAGE,-1,-1" # N:\GIS_Data_Repository\Current_GIS_Data.gdb\Parks_and_Recreation_Areas</Process><Process ToolSource="C:\Program Files (x86)\ArcGIS\ArcToolbox\Toolboxes\Conversion Tools.tbx\FeatureClassToFeatureClass" Date="20120119" Time="094912">FeatureClassToFeatureClass N:\GIS_Data_Repository\Archives\2010_Archived_GIS_Data.gdb\Parks_and_Recreation_Areas N:\Arctemp "Parks Recreation Areas 2010.shp" # "NAME 'NAME' true true false 100 Text 0 0 ,First,#,N:\GIS_Data_Repository\Archives\2010_Archived_GIS_Data.gdb\Parks_and_Recreation_Areas,NAME,-1,-1;TYPE 'TYPE' true true false 50 Text 0 0 ,First,#,N:\GIS_Data_Repository\Archives\2010_Archived_GIS_Data.gdb\Parks_and_Recreation_Areas,TYPE,-1,-1;OWNER 'OWNER' true true false 50 Text 0 0 ,First,#,N:\GIS_Data_Repository\Archives\2010_Archived_GIS_Data.gdb\Parks_and_Recreation_Areas,OWNER,-1,-1;STATE 'STATE' true true false 3 Text 0 0 ,First,#,N:\GIS_Data_Repository\Archives\2010_Archived_GIS_Data.gdb\Parks_and_Recreation_Areas,STATE,-1,-1;Shape_Leng 'Shape_Length' false true true 8 Double 0 0 ,First,#,N:\GIS_Data_Repository\Archives\2010_Archived_GIS_Data.gdb\Parks_and_Recreation_Areas,Shape_Length,-1,-1;Shape_Area 'Shape_Area' false true true 8 Double 0 0 ,First,#,N:\GIS_Data_Repository\Archives\2010_Archived_GIS_Data.gdb\Parks_and_Recreation_Areas,Shape_Area,-1,-1" # "N:\Arctemp\Parks Recreation Areas 2010.shp"</Process></lineage><itemProps><itemLocation><linkage Sync="TRUE">file://\\WINSERVE\GIS\Workspace\Hannah_GIS_Data\Hannah_GIS_Data.gdb</linkage><protocol Sync="TRUE">Local Area Network</protocol></itemLocation><itemName Sync="TRUE">CityFeatures_Metro_ParksandRec_2010_1</itemName><imsContentType Sync="TRUE">002</imsContentType></itemProps><coordRef><type Sync="TRUE">Projected</type><geogcsn Sync="TRUE">GCS_North_American_1983</geogcsn><csUnits Sync="TRUE">Linear Unit: Foot_US (0.304801)</csUnits><projcsn Sync="TRUE">NAD_1983_UTM_Zone_14N_ft</projcsn><peXml Sync="TRUE">&lt;ProjectedCoordinateSystem xsi:type='typens:ProjectedCoordinateSystem' xmlns:xsi='http://www.w3.org/2001/XMLSchema-instance' xmlns:xs='http://www.w3.org/2001/XMLSchema' xmlns:typens='http://www.esri.com/schemas/ArcGIS/10.1'&gt;&lt;WKT&gt;PROJCS[&amp;quot;NAD_1983_UTM_Zone_14N_ft&amp;quot;,GEOGCS[&amp;quot;GCS_North_American_1983&amp;quot;,DATUM[&amp;quot;D_North_American_1983&amp;quot;,SPHEROID[&amp;quot;GRS_1980&amp;quot;,6378137.0,298.257222101]],PRIMEM[&amp;quot;Greenwich&amp;quot;,0.0],UNIT[&amp;quot;Degree&amp;quot;,0.0174532925199433]],PROJECTION[&amp;quot;Transverse_Mercator&amp;quot;],PARAMETER[&amp;quot;False_Easting&amp;quot;,1640416.666666667],PARAMETER[&amp;quot;False_Northing&amp;quot;,0.0],PARAMETER[&amp;quot;Central_Meridian&amp;quot;,-99.0],PARAMETER[&amp;quot;Scale_Factor&amp;quot;,0.9996],PARAMETER[&amp;quot;Latitude_Of_Origin&amp;quot;,0.0],UNIT[&amp;quot;Foot_US&amp;quot;,0.3048006096012192]]&lt;/WKT&gt;&lt;XOrigin&gt;-16800800&lt;/XOrigin&gt;&lt;YOrigin&gt;-32802000&lt;/YOrigin&gt;&lt;XYScale&gt;3048.0060960121928&lt;/XYScale&gt;&lt;ZOrigin&gt;-100000&lt;/ZOrigin&gt;&lt;ZScale&gt;10000&lt;/ZScale&gt;&lt;MOrigin&gt;-100000&lt;/MOrigin&gt;&lt;MScale&gt;10000&lt;/MScale&gt;&lt;XYTolerance&gt;0.0032808333333333331&lt;/XYTolerance&gt;&lt;ZTolerance&gt;0.001&lt;/ZTolerance&gt;&lt;MTolerance&gt;0.001&lt;/MTolerance&gt;&lt;HighPrecision&gt;true&lt;/HighPrecision&gt;&lt;/ProjectedCoordinateSystem&gt;</peXml></coordRef></DataProperties><ArcGISFormat>1.0</ArcGISFormat></Esri><idinfo><citation><citeinfo><onlink Sync="TRUE">\\Fm-metro-server\GIS\Arctemp\Parks Recreation Areas 2010.shp</onlink><origin>Fargo-Moorhead Metropolitan Council of Governments</origin><title Sync="TRUE">Parks Recreation Areas 2010</title><ftname Sync="TRUE">Parks Recreation Areas 2010</ftname><geoform Sync="TRUE">vector digital data</geoform></citeinfo></citation><native Sync="TRUE">Microsoft Windows Vista Version 6.1 (Build 7601) Service Pack 1; ESRI ArcCatalog 9.3.1.1850</native><descript><langdata Sync="TRUE">en</langdata><abstract>Parks and recreational areas in the Fargo-Moorhead Metropolitan Council of Governments planning area.
</abstract><supplinf>Data was updated from the City of Fargo ND's interactive map, the City of Moorhead's park map and the FargoMoorhead map created by the Chamber of Commerce of Fargo Moorhead.</supplinf></descript><timeperd><timeinfo><sngdate><caldate>10/29/2010</caldate></sngdate></timeinfo><current>Updated On</current></timeperd><status><progress>In work</progress><update>As needed</update></status><spdom><bounding><westbc Sync="TRUE">-96.937422</westbc><eastbc Sync="TRUE">-96.578224</eastbc><northbc Sync="TRUE">47.004980</northbc><southbc Sync="TRUE">46.782256</southbc></bounding><lboundng><leftbc Sync="TRUE">440781.972187</leftbc><rightbc Sync="TRUE">530407.562621</rightbc><bottombc Sync="TRUE">155625.958039</bottombc><topbc Sync="TRUE">236773.934194</topbc></lboundng></spdom><keywords><theme><themekey>Parks</themekey><themekey>Recreation Areas</themekey></theme></keywords><natvform Sync="TRUE">Shapefile</natvform></idinfo><distInfo><distributor><distorTran><onLineSrc><linkage Sync="TRUE">file://\\Fm-metro-server\GIS\Arctemp\Parks Recreation Areas 2010.shp</linkage><protocol Sync="TRUE">Local Area Network</protocol><orDesc Sync="TRUE">002</orDesc></onLineSrc><transSize Sync="TRUE">0.000</transSize></distorTran><distorFormat><formatName Sync="TRUE">Shapefile</formatName></distorFormat></distributor><distFormat><formatName Sync="TRUE">File Geodatabase Feature Class</formatName></distFormat></distInfo><dataqual><lineage><procstep><procdesc Sync="TRUE">Dataset copied.</procdesc><srcused Sync="TRUE">N:\Arctemp\maps2006\Land use code\BACK UPS\2007\03_02_07_METRO_LU</srcused><date Sync="TRUE">20070508</date><time Sync="TRUE">10114700</time></procstep><procstep><procdesc Sync="TRUE">Dataset copied.</procdesc><srcused Sync="TRUE"></srcused><date Sync="TRUE">20070509</date><time Sync="TRUE">11215700</time></procstep><procstep><procdesc Sync="TRUE">Dataset copied.</procdesc><srcused Sync="TRUE"></srcused><date Sync="TRUE">20071102</date><time Sync="TRUE">11172000</time></procstep><procstep><procdesc Sync="TRUE">Dataset copied.</procdesc><srcused Sync="TRUE"></srcused><date Sync="TRUE">20080108</date><time Sync="TRUE">11210800</time></procstep><procstep><procdesc Sync="TRUE">Dataset copied.</procdesc><srcused Sync="TRUE"></srcused><date Sync="TRUE">20080228</date><time Sync="TRUE">11091100</time></procstep><procstep><procdesc Sync="TRUE">Dataset copied.</procdesc><srcused Sync="TRUE">\\Fm-metro-server\gis\GIS_Data_Repository\Current_GIS_Data.gdb</srcused><procdate Sync="TRUE">20101028</procdate><proctime Sync="TRUE">15391200</proctime></procstep></lineage></dataqual><dataIdInfo><envirDesc Sync="TRUE">Microsoft Windows 7 Version 6.1 (Build 7601) Service Pack 1; Esri ArcGIS 10.2.2.3552</envirDesc><dataLang><languageCode Sync="TRUE" value="eng"></languageCode><countryCode value="USA" Sync="TRUE"></countryCode></dataLang><idCitation><resTitle Sync="TRUE">CityFeatures_Metro_ParksandRec_2010_1</resTitle><presForm><PresFormCd Sync="TRUE" value="005"></PresFormCd></presForm></idCitation><spatRpType><SpatRepTypCd Sync="TRUE" value="001"></SpatRepTypCd></spatRpType><dataExt><geoEle><GeoBndBox esriExtentType="native"><westBL Sync="TRUE">440781.972187</westBL><eastBL Sync="TRUE">530407.562621</eastBL><northBL Sync="TRUE">236773.934194</northBL><southBL Sync="TRUE">155625.958039</southBL><exTypeCode Sync="TRUE">1</exTypeCode></GeoBndBox></geoEle></dataExt><geoBox esriExtentType="decdegrees"><westBL Sync="TRUE">-96.937422</westBL><eastBL Sync="TRUE">-96.578224</eastBL><northBL Sync="TRUE">47.00498</northBL><southBL Sync="TRUE">46.782256</southBL><exTypeCode Sync="TRUE">1</exTypeCode></geoBox></dataIdInfo><metainfo><langmeta Sync="TRUE">en</langmeta><metstdn Sync="TRUE">FGDC Content Standards for Digital Geospatial Metadata</metstdn><metstdv Sync="TRUE">FGDC-STD-001-1998</metstdv><mettc Sync="TRUE">local time</mettc><metc><cntinfo><cntorgp><cntper>REQUIRED: The person responsible for the metadata information.</cntper><cntorg>REQUIRED: The organization responsible for the metadata information.</cntorg></cntorgp><cntaddr><addrtype>REQUIRED: The mailing and/or physical address for the organization or individual.</addrtype><city>REQUIRED: The city of the address.</city><state>REQUIRED: The state or province of the address.</state><postal>REQUIRED: The ZIP or other postal code of the address.</postal></cntaddr><cntvoice>REQUIRED: The telephone number by which individuals can speak to the organization or individual.</cntvoice></cntinfo></metc><metd Sync="TRUE">20120119</metd></metainfo><mdLang><languageCode Sync="TRUE" value="eng"></languageCode><countryCode value="USA" Sync="TRUE"></countryCode></mdLang><mdStanName Sync="TRUE">ISO 19115 Geographic Information - Metadata</mdStanName><mdStanVer Sync="TRUE">DIS_ESRI1.0</mdStanVer><mdChar><CharSetCd Sync="TRUE" value="004"></CharSetCd></mdChar><mdHrLv><ScopeCd Sync="TRUE" value="005"></ScopeCd></mdHrLv><mdHrLvName Sync="TRUE">dataset</mdHrLvName><distinfo><resdesc Sync="TRUE">Downloadable Data</resdesc><stdorder><digform><digtinfo><transize Sync="TRUE">0.000</transize><dssize Sync="TRUE">0.000</dssize></digtinfo></digform></stdorder></distinfo><spdoinfo><direct Sync="TRUE">Vector</direct><ptvctinf><esriterm Name="CityFeatures_Metro_ParksandRec_2010_1"><efeatyp Sync="TRUE">Simple</efeatyp><efeageom code="4" Sync="TRUE"></efeageom><esritopo Sync="TRUE">FALSE</esritopo><efeacnt Sync="TRUE">0</efeacnt><spindex Sync="TRUE">TRUE</spindex><linrefer Sync="TRUE">FALSE</linrefer></esriterm></ptvctinf></spdoinfo><spref><horizsys><cordsysn><geogcsn Sync="TRUE">GCS_North_American_1983_HARN</geogcsn><projcsn Sync="TRUE">NAD_1983_HARN_Adj_MN_Clay_Feet</projcsn></cordsysn><planar><planci><plance Sync="TRUE">coordinate pair</plance><plandu Sync="TRUE">survey feet</plandu><coordrep><absres Sync="TRUE">0.000000</absres><ordres Sync="TRUE">0.000000</ordres></coordrep></planci></planar><geodetic><horizdn Sync="TRUE">D_North_American_1983_HARN</horizdn><ellips Sync="TRUE">Geodetic Reference System 80</ellips><semiaxis Sync="TRUE">6378137.000000</semiaxis><denflat Sync="TRUE">298.257222</denflat></geodetic></horizsys></spref><refSysInfo><RefSystem><refSysID><identCode Sync="TRUE" code="0">NAD_1983_HARN_Adj_MN_Clay_Feet</identCode></refSysID></RefSystem></refSysInfo><spatRepInfo><VectSpatRep><geometObjs Name="CityFeatures_Metro_ParksandRec_2010_1"><geoObjTyp><GeoObjTypCd value="002" Sync="TRUE"></GeoObjTypCd></geoObjTyp><geoObjCnt Sync="TRUE">0</geoObjCnt></geometObjs><topLvl><TopoLevCd value="001" Sync="TRUE"></TopoLevCd></topLvl></VectSpatRep></spatRepInfo><eainfo><detailed Name="CityFeatures_Metro_ParksandRec_2010_1"><enttyp><enttypl Sync="TRUE">CityFeatures_Metro_ParksandRec_2010_1</enttypl><enttypt Sync="TRUE">Feature Class</enttypt><enttypc Sync="TRUE">0</enttypc></enttyp><attr><attrlabl Sync="TRUE">OBJECTID</attrlabl><attalias Sync="TRUE">OBJECTID</attalias><attrtype Sync="TRUE">OID</attrtype><attwidth Sync="TRUE">4</attwidth><atprecis Sync="TRUE">0</atprecis><attscale Sync="TRUE">0</attscale><attrdef Sync="TRUE">Internal feature number.</attrdef><attrdefs Sync="TRUE">Esri</attrdefs><attrdomv><udom Sync="TRUE">Sequential unique whole numbers that are automatically generated.</udom></attrdomv></attr><attr><attrlabl Sync="TRUE">Shape</attrlabl><attalias Sync="TRUE">Shape</attalias><attrtype Sync="TRUE">Geometry</attrtype><attwidth Sync="TRUE">0</attwidth><atprecis Sync="TRUE">0</atprecis><attscale Sync="TRUE">0</attscale><attrdef Sync="TRUE">Feature geometry.</attrdef><attrdefs Sync="TRUE">ESRI</attrdefs><attrdomv><udom Sync="TRUE">Coordinates defining the features.</udom></attrdomv></attr><attr><attrlabl Sync="TRUE">NAME</attrlabl><attalias Sync="TRUE">NAME</attalias><attrtype Sync="TRUE">String</attrtype><attwidth Sync="TRUE">100</attwidth><atprecis Sync="TRUE">0</atprecis><attscale Sync="TRUE">0</attscale></attr><attr><attrlabl Sync="TRUE">TYPE</attrlabl><attalias Sync="TRUE">TYPE</attalias><attrtype Sync="TRUE">String</attrtype><attwidth Sync="TRUE">50</attwidth><atprecis Sync="TRUE">0</atprecis><attscale Sync="TRUE">0</attscale></attr><attr><attrlabl Sync="TRUE">OWNER</attrlabl><attalias Sync="TRUE">OWNER</attalias><attrtype Sync="TRUE">String</attrtype><attwidth Sync="TRUE">50</attwidth><atprecis Sync="TRUE">0</atprecis><attscale Sync="TRUE">0</attscale></attr><attr><attrlabl Sync="TRUE">STATE</attrlabl><attalias Sync="TRUE">STATE</attalias><attrtype Sync="TRUE">String</attrtype><attwidth Sync="TRUE">3</attwidth><atprecis Sync="TRUE">0</atprecis><attscale Sync="TRUE">0</attscale></attr><attr><attrlabl Sync="TRUE">Shape_Length</attrlabl><attalias Sync="TRUE">Shape_Length</attalias><attrtype Sync="TRUE">Double</attrtype><attwidth Sync="TRUE">8</attwidth><atprecis Sync="TRUE">0</atprecis><attscale Sync="TRUE">0</attscale><attrdef Sync="TRUE">Length of feature in internal units.</attrdef><attrdefs Sync="TRUE">Esri</attrdefs><attrdomv><udom Sync="TRUE">Positive real numbers that are automatically generated.</udom></attrdomv></attr><attr><attrlabl Sync="TRUE">Shape_Area</attrlabl><attalias Sync="TRUE">Shape_Area</attalias><attrtype Sync="TRUE">Double</attrtype><attwidth Sync="TRUE">8</attwidth><attrdef Sync="TRUE">Area of feature in internal units squared.</attrdef><attrdefs Sync="TRUE">ESRI</attrdefs><attrdomv><udom Sync="TRUE">Positive real numbers that are automatically generated.</udom></attrdomv><atprecis Sync="TRUE">0</atprecis><attscale Sync="TRUE">0</attscale></attr></detailed></eainfo><mdDateSt Sync="TRUE">20140624</mdDateSt></metadata>
